"cond","replicate","alternative","sign_concord","rho_signed","rho_abs","dbar_pres"
1,1,"global",0.855670103092783,0.779586576898801,0.647761939827477,1
1,1,"scale x0.5",0.731958762886598,0.402614138438881,0.128550389227856,1
1,1,"scale x2",0.814432989690722,0.777272249105828,0.598201136124553,1
1,1,"perplexity",0.639175257731959,0.11044340416579,0.352724594992636,1
1,10,"global",0.851063829787234,0.729046707365531,0.688400823610158,1
1,10,"scale x0.5",0.776595744680851,0.530903442545967,0.139009500415417,1
1,10,"scale x2",0.765957446808511,0.680655998266084,0.530787848137846,1
1,10,"perplexity",0.712765957446808,0.379229129790846,0.168500523787162,1
1,11,"global",0.868217054263566,0.839819991055456,0.635901162790698,0
1,11,"scale x0.5",0.736434108527132,0.478846153846154,0.0843190966010734,1
1,11,"scale x2",0.767441860465116,0.7235521019678,0.583525268336315,0
1,11,"perplexity",0.65891472868217,0.0917095259391771,0.194856887298748,1
1,12,"global",0.893203883495146,0.911940429644599,0.835182093748627,1
1,12,"scale x0.5",0.766990291262136,0.694097878135571,0.363275930237666,0
1,12,"scale x2",0.815533980582524,0.786528577076835,0.7163928304705,1
1,12,"perplexity",0.689320388349515,0.32548433861969,0.236326494750253,0
1,13,"global",0.873563218390805,0.81468251075308,0.673270394401108,1
1,13,"scale x0.5",0.701149425287356,0.381588539768171,0.168786906758037,1
1,13,"scale x2",0.793103448275862,0.714842895676897,0.502059488226288,1
1,13,"perplexity",0.71264367816092,0.350860246409565,0.184497339068309,1
1,14,"global",0.84375,0.909400434074878,0.779639175257732,1
1,14,"scale x0.5",0.677083333333333,0.502536625067824,0.414894194248508,1
1,14,"scale x2",0.854166666666667,0.846771568095496,0.693678784590342,1
1,14,"perplexity",0.677083333333333,0.323575691806837,0.444994574064026,1
1,15,"global",0.908045977011494,0.935918932711234,0.867554858934169,1
1,15,"scale x0.5",0.804597701149425,0.730608004665743,0.512284027119633,0
1,15,"scale x2",0.908045977011494,0.935463293723117,0.828278778158489,1
1,15,"perplexity",0.735632183908046,0.48164686155865,0.576893635634614,1
1,16,"global",0.909090909090909,0.911255411255411,0.780098948670377,0
1,16,"scale x0.5",0.717171717171717,0.673976499690785,0.523574520717378,0
1,16,"scale x2",0.878787878787879,0.882906617192332,0.735151515151515,0
1,16,"perplexity",0.737373737373737,0.386147186147186,0.435052566481138,0
1,17,"global",0.907216494845361,0.873172207027141,0.6990058910162,1
1,17,"scale x0.5",0.670103092783505,0.516818325268252,0.334223122238586,1
1,17,"scale x2",0.855670103092783,0.817772985482853,0.661003576688407,1
1,17,"perplexity",0.711340206185567,0.381640542815064,0.302927098674521,1
1,18,"global",0.94047619047619,0.86915055178698,0.71839627417232,1
1,18,"scale x0.5",0.714285714285714,0.551361749519085,0.312989774222942,0
1,18,"scale x2",0.904761904761905,0.852181836590058,0.626830009112079,1
1,18,"perplexity",0.702380952380952,0.379993925280956,0.242482535182748,0
1,19,"global",0.795698924731183,0.798155829429142,0.591477425323028,0
1,19,"scale x0.5",0.645161290322581,0.427859508818,0.270433588970786,1
1,19,"scale x2",0.795698924731183,0.795574587448897,0.58516606487422,0
1,19,"perplexity",0.645161290322581,0.238488854406016,0.442451732267017,1
1,2,"global",0.876404494382023,0.82267620020429,0.747497446373851,1
1,2,"scale x0.5",0.674157303370786,0.483622744296902,0.441998638066054,1
1,2,"scale x2",0.865168539325843,0.793139257745999,0.60762683009874,1
1,2,"perplexity",0.662921348314607,0.155124276472591,0.237572352740892,1
1,20,"global",0.876288659793814,0.847030822638334,0.706672101830423,1
1,20,"scale x0.5",0.628865979381443,0.279586576898801,0.285661687355354,1
1,20,"scale x2",0.845360824742268,0.77319587628866,0.5353592467915,1
1,20,"perplexity",0.618556701030928,0.0964522406900905,0.350568062276457,1
1,21,"global",0.907563025210084,0.953610596781086,0.869783506622988,1
1,21,"scale x0.5",0.647058823529412,0.418829226605897,0.291909984332716,0
1,21,"scale x2",0.873949579831933,0.928720979917391,0.780423016664293,1
1,21,"perplexity",0.714285714285714,0.198632673408346,0.186284005127475,0
1,22,"global",0.786516853932584,0.787640449438202,0.730830779707184,1
1,22,"scale x0.5",0.719101123595506,0.59729315628192,0.521552604698672,0
1,22,"scale x2",0.752808988764045,0.663398025195778,0.535359210078311,1
1,22,"perplexity",0.617977528089888,0.248297582567246,0.490466462376575,0
1,23,"global",0.831578947368421,0.883090705487122,0.767679171332587,1
1,23,"scale x0.5",0.736842105263158,0.588857782754759,0.5253359462486,1
1,23,"scale x2",0.8,0.790005599104143,0.581438969764838,1
1,23,"perplexity",0.663157894736842,0.291391377379619,0.419722844344905,0
1,24,"global",0.880434782608696,0.875760985157899,0.706163401815576,1
1,24,"scale x0.5",0.576086956521739,0.313610653021593,0.284450472388761,1
1,24,"scale x2",0.869565217391304,0.826318141886164,0.62316785598693,1
1,24,"perplexity",0.66304347826087,0.256523280366198,0.483038700430005,1
1,25,"global",0.867256637168142,0.862407678488256,0.704213520526981,1
1,25,"scale x0.5",0.787610619469027,0.534774436090226,0.21415263823275,1
1,25,"scale x2",0.79646017699115,0.783834586466166,0.55643256371016,1
1,25,"perplexity",0.769911504424779,0.25311065273804,0.124243129948766,1
1,26,"global",0.902439024390244,0.932923604751648,0.873192658420503,1
1,26,"scale x0.5",0.739837398373984,0.581083695554036,0.257864596097045,1
1,26,"scale x2",0.894308943089431,0.89486785930789,0.749371219254234,1
1,26,"perplexity",0.59349593495935,0.245172898582502,0.439804723271982,1
1,27,"global",0.918604651162791,0.9025237039483,0.777102693523279,1
1,27,"scale x0.5",0.697674418604651,0.420161328364546,0.33417614038398,1
1,27,"scale x2",0.895348837209302,0.892994952592103,0.766592763809614,1
1,27,"perplexity",0.616279069767442,0.168356997971602,0.540223595452616,1
1,28,"global",0.876404494382023,0.884201566224038,0.792424242424243,0
1,28,"scale x0.5",0.696629213483146,0.478907048008172,0.479213483146067,1
1,28,"scale x2",0.842696629213483,0.838968335035751,0.678583588695948,0
1,28,"perplexity",0.674157303370786,0.243769152196119,0.375178753830439,1
1,29,"global",0.883720930232558,0.88310769375914,0.770045756875324,1
1,29,"scale x0.5",0.674418604651163,0.416934761073636,0.385688004151139,0
1,29,"scale x2",0.790697674418605,0.806896551724138,0.668078682956743,1
1,29,"perplexity",0.686046511627907,0.374725222887872,0.341799141468937,1
1,3,"global",0.902654867256637,0.950179652671502,0.888365826069599,1
1,3,"scale x0.5",0.699115044247788,0.518638964668308,0.309892541087231,1
1,3,"scale x2",0.867256637168142,0.898263357508816,0.755073524519263,1
1,3,"perplexity",0.716814159292035,0.438876505422849,0.285423181848426,0
1,30,"global",0.840909090909091,0.855816984255574,0.716582719876017,1
1,30,"scale x0.5",0.75,0.534341868902117,0.311066887393892,1
1,30,"scale x2",0.795454545454545,0.788647810925998,0.647264978338206,1
1,30,"perplexity",0.693181818181818,0.278081082033039,0.400426191398683,1
1,31,"global",0.875,0.88532284319045,0.743014107433532,1
1,31,"scale x0.5",0.65625,0.355453065653825,0.180005425935974,1
1,31,"scale x2",0.833333333333333,0.82738741182854,0.640558871405317,1
1,31,"perplexity",0.583333333333333,0.114053174172545,0.321459576776994,1
1,32,"global",0.835164835164835,0.867685937251155,0.7179646440516,1
1,32,"scale x0.5",0.714285714285714,0.55212613473483,0.322646918299092,1
1,32,"scale x2",0.846153846153846,0.848287943940118,0.627822901735945,1
1,32,"perplexity",0.725274725274725,0.35182353878006,0.28015607580825,1
1,33,"global",0.949152542372881,0.892352247287442,0.777027890686914,1
1,33,"scale x0.5",0.771186440677966,0.582600184793605,0.261862763358277,1
1,33,"scale x2",0.906779661016949,0.93097630186364,0.75462623119652,1
1,33,"perplexity",0.796610169491525,0.352323980439633,0.172409511392562,1
1,34,"global",0.875,0.811331055616217,0.674562361311683,1
1,34,"scale x0.5",0.659090909090909,0.337272375048431,0.252016484097073,1
1,34,"scale x2",0.829545454545455,0.829787608749252,0.585308724595823,1
1,34,"perplexity",0.602272727272727,0.185622204219647,0.279155366137156,0
1,35,"global",0.846153846153846,0.736263736263736,0.531581462016245,1
1,35,"scale x0.5",0.67032967032967,0.324892498805542,0.198184424271381,1
1,35,"scale x2",0.78021978021978,0.753957636566332,0.547380156075808,1
1,35,"perplexity",0.67032967032967,0.18143016403886,0.366825927695493,1
1,36,"global",0.849462365591398,0.856882814598191,0.707886962489929,0
1,36,"scale x0.5",0.817204301075269,0.652472322520963,0.251022052460386,1
1,36,"scale x2",0.827956989247312,0.774700844498821,0.572304616394617,0
1,36,"perplexity",0.731182795698925,0.339336337322073,0.187624958968697,1
1,37,"global",0.862385321100917,0.903280511537392,0.747780557872301,1
1,37,"scale x0.5",0.669724770642202,0.470901677323696,0.404744694652952,0
1,37,"scale x2",0.880733944954128,0.882846816791771,0.699555184876286,1
1,37,"perplexity",0.678899082568807,0.291465109813734,0.434639977759244,1
1,38,"global",0.886792452830189,0.891316724185707,0.764354989041993,1
1,38,"scale x0.5",0.707547169811321,0.463707584956042,0.259480565282011,1
1,38,"scale x2",0.849056603773585,0.828097841146686,0.681547724009371,1
1,38,"perplexity",0.707547169811321,0.233171272388342,0.366581857571101,0
1,39,"global",0.857142857142857,0.769958883737206,0.669180299186423,1
1,39,"scale x0.5",0.657142857142857,0.488338728020296,0.294164989939638,1
1,39,"scale x2",0.871428571428571,0.840783833435395,0.588802379494357,1
1,39,"perplexity",0.642857142857143,0.291680517889948,0.604409063074097,1
1,4,"global",0.9296875,0.938764649331624,0.824322468412379,1
1,4,"scale x0.5",0.6875,0.525258652261491,0.428510117194653,1
1,4,"scale x2",0.921875,0.91292231276323,0.735087438198132,1
1,4,"perplexity",0.6640625,0.233805621681011,0.302399972532503,1
1,40,"global",0.885057471264368,0.821826930086754,0.694138660056864,1
1,40,"scale x0.5",0.689655172413793,0.303820077276372,0.142815484435372,1
1,40,"scale x2",0.850574712643678,0.831431799956258,0.522526791572501,1
1,40,"perplexity",0.655172413793103,0.231264124808632,0.347780126849894,1
1,41,"global",0.823529411764706,0.73547000195427,0.678014461598593,1
1,41,"scale x0.5",0.682352941176471,0.349872972444792,0.130134844635529,1
1,41,"scale x2",0.835294117647059,0.819269102990033,0.686456908344733,1
1,41,"perplexity",0.623529411764706,0.168848934922806,0.45530584326754,1
1,42,"global",0.878787878787879,0.78117501546073,0.6717377860235,1
1,42,"scale x0.5",0.676767676767677,0.386048237476809,0.270500927643785,1
1,42,"scale x2",0.838383838383838,0.759022881880025,0.613098330241187,1
1,42,"perplexity",0.676767676767677,0.122251082251082,0.347050092764378,1
1,43,"global",0.889908256880734,0.899416180150125,0.809823000648689,1
1,43,"scale x0.5",0.807339449541284,0.565258085441572,0.368316189417107,0
1,43,"scale x2",0.89908256880734,0.875349828560838,0.642322305625058,1
1,43,"perplexity",0.73394495412844,0.304967102214809,0.40116763969975,1
1,44,"global",0.883495145631068,0.866252251460704,0.752097702411809,1
1,44,"scale x0.5",0.805825242718447,0.636855862584018,0.219544875455783,0
1,44,"scale x2",0.844660194174757,0.827395334534112,0.651869261520889,1
1,44,"perplexity",0.757281553398058,0.413049685893775,0.38782234327637,1
1,45,"global",0.831168831168831,0.891634681108365,0.770545244229455,1
1,45,"scale x0.5",0.766233766233766,0.596272148903728,0.359035701140964,1
1,45,"scale x2",0.805194805194805,0.83668962616331,0.702823492297176,1
1,45,"perplexity",0.714285714285714,0.38869025711131,0.296650717703349,0
1,46,"global",0.806122448979592,0.828102187454176,0.722051144731557,1
1,46,"scale x0.5",0.826530612244898,0.736077373779877,0.350738608470567,1
1,46,"scale x2",0.76530612244898,0.761936639698053,0.577733998941657,1
1,46,"perplexity",0.755102040816326,0.385485403158452,0.360518715452441,1
1,47,"global",0.862745098039216,0.813718893305664,0.696354558357035,1
1,47,"scale x0.5",0.588235294117647,0.423096278788359,0.405386455264601,0
1,47,"scale x2",0.931372549019608,0.843936421055012,0.632764304414451,1
1,47,"perplexity",0.598039215686274,0.15271047378867,0.382259642297753,1
1,48,"global",0.88785046728972,0.900791551558612,0.772184016144517,1
1,48,"scale x0.5",0.710280373831776,0.490017437645722,0.161748858715884,1
1,48,"scale x2",0.803738317757009,0.798673563353514,0.674317678637904,1
1,48,"perplexity",0.691588785046729,0.243284547111033,0.364632927761124,0
1,49,"global",0.833333333333333,0.882432103861443,0.731005196464821,1
1,49,"scale x0.5",0.686274509803922,0.498662716071721,0.261072880560472,1
1,49,"scale x2",0.843137254901961,0.843585843450136,0.636009974498306,1
1,49,"perplexity",0.696078431372549,0.315683824236221,0.342180705791881,1
1,5,"global",0.885057471264368,0.798789822847561,0.72654370489174,1
1,5,"scale x0.5",0.71264367816092,0.48503681563024,0.139917620470948,0
1,5,"scale x2",0.816091954022989,0.647098490923671,0.582069694539622,1
1,5,"perplexity",0.597701149425287,0.163209885543486,0.289348983013778,1
1,50,"global",0.913461538461538,0.886226394964259,0.749258508481809,1
1,50,"scale x0.5",0.653846153846154,0.356588072122053,0.233084391336819,1
1,50,"scale x2",0.846153846153846,0.821935346207191,0.711575802837939,1
1,50,"perplexity",0.682692307692308,0.282887015896725,0.437341299477222,0
1,6,"global",0.884955752212389,0.860686007053031,0.633924412801916,1
1,6,"scale x0.5",0.734513274336283,0.476711690731253,-0.000640428504890545,1
1,6,"scale x2",0.84070796460177,0.841115510013973,0.66676924612416,1
1,6,"perplexity",0.690265486725664,0.237906713686872,0.0428504890544947,1
1,7,"global",0.906976744186046,0.904089815557338,0.672550592009057,1
1,7,"scale x0.5",0.837209302325581,0.677192320392471,0.416557384782301,0
1,7,"scale x2",0.837209302325581,0.855917731968489,0.665059672626067,1
1,7,"perplexity",0.651162790697674,0.406934289353271,0.224793622340676,0
1,8,"global",0.795454545454545,0.778468528759114,0.591543094642669,0
1,8,"scale x0.5",0.75,0.531189461449051,0.326194920925646,1
1,8,"scale x2",0.670454545454545,0.566887393892431,0.434028389278293,0
1,8,"perplexity",0.625,0.27434750449086,0.430541368743616,1
1,9,"global",0.846153846153846,0.895625733489811,0.776827056438707,0
1,9,"scale x0.5",0.682692307692308,0.529915715352609,0.385394217433052,1
1,9,"scale x2",0.807692307692308,0.803040648671717,0.590846047156727,0
1,9,"perplexity",0.653846153846154,0.248970447028699,0.404107542942494,1
2,1,"global",0.970588235294118,0.889122758982608,0.800446064422655,1
2,1,"scale x0.5",0.735294117647059,0.76747608535688,0.706088037829914,1
2,1,"scale x2",0.852941176470588,0.817946392411201,0.779500430663221,1
2,1,"perplexity",0.843137254901961,0.723748081980024,0.565788798192926,1
2,10,"global",0.834782608695652,0.997084548104956,0.990922526509615,1
2,10,"scale x0.5",0.678260869565217,0.88827600688079,0.80561769622768,1
2,10,"scale x2",0.834782608695652,0.94584204873085,0.934075252578277,1
2,10,"perplexity",0.973913043478261,0.928470478021046,0.970546667420431,1
2,11,"global",0.836363636363636,0.713411700006874,0.591255929057538,1
2,11,"scale x0.5",0.763636363636364,0.727228981920671,0.61517838729635,0
2,11,"scale x2",0.909090909090909,0.869388877431773,0.691070323778099,1
2,11,"perplexity",0.690909090909091,0.633257716367636,0.494466212964873,1
2,13,"global",0.96039603960396,0.861600846262341,0.811318758815233,1
2,13,"scale x0.5",0.96039603960396,0.94033850493653,0.738352139163141,1
2,13,"scale x2",0.742574257425743,0.729384109073813,0.605912082745651,1
2,13,"perplexity",0.930693069306931,0.781734837799718,0.659837799717913,1
2,14,"global",0.992857142857143,0.995278987063716,0.981146949277898,1
2,14,"scale x0.5",0.742857142857143,0.973773134513439,0.639993976944096,1
2,14,"scale x2",0.871428571428571,0.965026417300342,0.933529377898042,1
2,14,"perplexity",0.857142857142857,0.957422309221919,0.927231741504612,1
2,15,"global",0.847058823529412,0.843815534170864,0.745362926944041,1
2,15,"scale x0.5",0.847058823529412,0.775297414891324,0.591584643739461,0
2,15,"scale x2",0.764705882352941,0.908668639633107,0.682600682326183,1
2,15,"perplexity",0.752941176470588,0.667502890853145,0.606780126269558,1
2,16,"global",0.873239436619718,0.824756793022476,0.632774236833278,1
2,16,"scale x0.5",0.859154929577465,0.606977524320698,0.34740020127474,0
2,16,"scale x2",0.76056338028169,0.839584032203959,0.714927876551493,1
2,16,"perplexity",0.859154929577465,0.67819523649782,0.297349882589735,1
2,17,"global",0.91025641025641,0.846044317878437,0.734194434203333,1
2,17,"scale x0.5",0.846153846153846,0.881234188077652,0.610724774024587,1
2,17,"scale x2",0.82051282051282,0.825093123482373,0.654737537980396,1
2,17,"perplexity",0.846153846153846,0.710344652233057,0.683494577861402,1
2,23,"global",0.818181818181818,0.505285412262156,0.186328400281889,0
2,23,"scale x0.5",0.840909090909091,0.670472163495419,0.306131078224101,1
2,23,"scale x2",0.727272727272727,0.579140239605356,0.264552501761804,0
2,23,"perplexity",0.636363636363636,0.303453136011276,0.249048625792812,1
2,26,"global",0.84375,0.682326007326007,0.36007326007326,0
2,26,"scale x0.5",0.828125,0.571382783882784,0.328983516483516,1
2,26,"scale x2",0.859375,0.845604395604396,0.64702380952381,0
2,26,"perplexity",0.765625,0.428708791208791,0.249313186813187,1
2,30,"global",0.891891891891892,0.854673213702255,0.539594849976441,1
2,30,"scale x0.5",0.894736842105263,0.933825962280799,0.818952062430323,1
2,30,"scale x2",0.918918918918919,0.909395528443416,0.776327739476743,1
2,30,"perplexity",0.894736842105263,0.837028059153064,0.556586347379954,1
2,31,"global",0.934306569343066,0.890776562675555,0.718952473690124,1
2,31,"scale x0.5",0.751824817518248,0.784034305831242,0.561898430770383,1
2,31,"scale x2",0.788321167883212,0.813822516010636,0.670288565971312,1
2,31,"perplexity",0.62043795620438,0.574135800157297,0.393810156922962,1
2,32,"global",0.934782608695652,0.778462536490431,0.376210555581298,1
2,32,"scale x0.5",0.902173913043478,0.741362000525153,0.264878056314968,1
2,32,"scale x2",0.880434782608696,0.793274948643097,0.463401448805276,1
2,32,"perplexity",0.869565217391304,0.665693588496054,0.0830205582070649,1
2,33,"global",0.789473684210526,0.517233833023307,0.0732027574132837,0
2,33,"scale x0.5",0.657894736842105,0.674800306379254,0.595579385053069,1
2,33,"scale x2",1,0.84112047269942,0.312616259984681,0
2,33,"perplexity",0.789473684210526,0.383302330670752,-0.151329467118941,0
2,35,"global",0.761194029850746,0.356055617602364,0.188689328761489,1
2,35,"scale x0.5",0.805970149253731,0.725834311541159,0.350428492419679,1
2,35,"scale x2",0.716417910447761,0.531382709711468,0.427514863504442,1
2,35,"perplexity",0.791044776119403,0.458969146957065,0.533148828772211,1
2,36,"global",0.761904761904762,0.524002594875122,0.0483432696994896,0
2,36,"scale x0.5",0.738095238095238,0.768569575089199,0.561034958228567,0
2,36,"scale x2",0.80952380952381,0.739701589361012,0.556006164328007,1
2,36,"perplexity",0.761904761904762,0.34852416477457,-0.0804639656743183,1
2,38,"global",0.734375,0.660203620739931,0.811517657605658,1
2,38,"scale x0.5",0.796875,0.731261709711885,0.721617075418522,1
2,38,"scale x2",0.796875,0.775070073432324,0.837059000671778,1
2,38,"perplexity",0.671875,0.326740828297416,0.636891962678736,1
2,39,"global",0.903846153846154,0.688892683343294,0.307948433364638,1
2,39,"scale x0.5",0.846153846153846,0.727396909416887,0.532314522325621,1
2,39,"scale x2",0.846153846153846,0.798087594979937,0.602322206095791,1
2,39,"perplexity",0.788461538461538,0.439511653718091,0.112524545376932,1
2,4,"global",0.877697841726619,0.998850335394281,0.99160835362597,1
2,4,"scale x0.5",0.870503597122302,0.964147664008256,0.783238433197244,1
2,4,"scale x2",0.856115107913669,0.997094154815465,0.966284048629908,1
2,4,"perplexity",0.848920863309353,0.880208569074927,0.804480070971421,1
2,43,"global",0.858974358974359,0.823547629493896,0.88733640361148,1
2,43,"scale x0.5",0.923076923076923,0.86455725604563,0.849166081232274,1
2,43,"scale x2",0.91025641025641,0.97096549410277,0.90469128093045,1
2,43,"perplexity",0.730769230769231,0.787699692879449,0.839330783441313,1
2,47,"global",0.949367088607595,0.807490176817289,0.612450884086444,1
2,47,"scale x0.5",0.708860759493671,0.833988212180747,0.560830058939096,1
2,47,"scale x2",0.949367088607595,0.637082514734774,0.494572691552063,1
2,47,"perplexity",0.873417721518987,0.7475442043222,0.641453831041257,1
2,48,"global",0.857142857142857,0.709934181239425,0.196698727519502,1
2,48,"scale x0.5",0.857142857142857,0.724285714285714,0.428061224489796,1
2,48,"scale x2",0.836734693877551,0.851224489795918,0.665816326530612,1
2,48,"perplexity",0.775510204081633,0.494106842828992,0.228537898977912,0
2,50,"global",0.808510638297872,0.616541355427605,0.565294103554429,1
2,50,"scale x0.5",0.791666666666667,0.785908153294973,0.645098252089892,1
2,50,"scale x2",0.829787234042553,0.776429715564341,0.784246668584075,1
2,50,"perplexity",0.680851063829787,0.518715563186648,0.473331344366759,1
2,6,"global",0.95,0.948282362798492,0.900132663035889,1
2,6,"scale x0.5",0.716666666666667,0.810592096075967,0.589282223153191,1
2,6,"scale x2",0.933333333333333,0.772371177209887,0.688144113950566,1
2,6,"perplexity",0.866666666666667,0.658630079597821,0.701291719033655,1
2,9,"global",0.730769230769231,0.780671274199091,0.772907200224012,1
2,9,"scale x0.5",0.794871794871795,0.723670729005649,0.502994240631307,1
2,9,"scale x2",0.807692307692308,0.767021987478542,0.801310974655868,1
2,9,"perplexity",0.705128205128205,0.421941982726657,0.47012691131423,1
3,1,"global",0.814814814814815,0.741124661246612,0.561585365853658,0
3,1,"scale x0.5",0.753086419753086,0.611878952122855,0.344715447154472,1
3,1,"scale x2",0.814814814814815,0.816214995483288,0.611946702800361,0
3,1,"perplexity",0.728395061728395,0.449074074074074,0.21513098464318,1
3,11,"global",0.871428571428571,0.618357741500884,0.543750984200304,1
3,11,"scale x0.5",0.871428571428571,0.558483369201967,0.230941507882351,1
3,11,"scale x2",0.857142857142857,0.838993578639791,0.740731020243907,1
3,11,"perplexity",0.828571428571429,0.526324077476248,0.421482686823089,1
3,12,"global",0.833333333333333,0.608747595423712,0.701164321150147,1
3,12,"scale x0.5",0.761904761904762,0.568229219398603,0.514710944618811,1
3,12,"scale x2",0.845238095238095,0.60273362356991,0.723357294725119,1
3,12,"perplexity",0.702380952380952,0.231183557760454,0.454510478890351,1
3,13,"global",0.869565217391304,0.592254328203296,0.348727549507251,1
3,13,"scale x0.5",0.8,0.517592511591287,0.375056863911537,1
3,13,"scale x2",0.828571428571429,0.77618756014347,0.636975216324053,1
3,13,"perplexity",0.753623188405797,0.173424664731199,0.217536983745103,1
3,14,"global",0.831168831168831,0.81344970818655,0.669540985330459,1
3,14,"scale x0.5",0.792207792207792,0.669304379830696,0.470555760029444,1
3,14,"scale x2",0.844155844155844,0.903964456596036,0.771307639728692,1
3,14,"perplexity",0.701298701298701,0.644802565855197,0.604500762395499,1
3,15,"global",0.8125,0.432692307692308,0.492673992673993,1
3,15,"scale x0.5",0.75,0.516849816849817,0.277884615384615,1
3,15,"scale x2",0.71875,0.652014652014652,0.408653846153846,1
3,15,"perplexity",0.6875,0.0460622710622711,0.373260073260073,1
3,16,"global",0.8125,0.564080303852415,0.703309820944113,1
3,16,"scale x0.5",0.75,0.608749321758003,0.484468258274552,1
3,16,"scale x2",0.8125,0.592878459034183,0.544370591427021,0
3,16,"perplexity",0.677083333333333,0.21223548562127,0.52502712967987,1
3,17,"global",0.871794871794872,0.823619418556127,0.54635238179542,1
3,17,"scale x0.5",0.717948717948718,0.537525765373867,0.34655218199522,0
3,17,"scale x2",0.833333333333333,0.808773504976036,0.557505785353887,1
3,17,"perplexity",0.692307692307692,0.312737895016376,0.145588588626563,0
3,19,"global",0.836065573770492,0.403225806451613,0.386832363828662,1
3,19,"scale x0.5",0.918032786885246,0.497673188789,0.247540983606557,1
3,19,"scale x2",0.786885245901639,0.697038603913273,0.679799048122686,1
3,19,"perplexity",0.786885245901639,0.234003172924379,0.197990481226864,1
3,20,"global",0.701492537313433,0.356593438054702,0.520384791571232,0
3,20,"scale x0.5",0.761194029850746,0.619523414192181,0.434294657762384,1
3,20,"scale x2",0.776119402985075,0.747783599144628,0.61001097488105,0
3,20,"perplexity",0.641791044776119,0.212106463597699,0.296645512252856,1
3,21,"global",0.786666666666667,0.587226173541963,0.598492176386913,1
3,21,"scale x0.5",0.826666666666667,0.578719772403983,0.306543385490754,1
3,21,"scale x2",0.746666666666667,0.790014224751067,0.740341394025605,1
3,21,"perplexity",0.733333333333333,0.337268847795164,0.330953058321479,1
3,22,"global",0.780487804878049,0.764042620345882,0.66371719942099,1
3,22,"scale x0.5",0.780487804878049,0.563718287785288,0.382200890281995,1
3,22,"scale x2",0.780487804878049,0.724796203785331,0.618484779225302,1
3,22,"perplexity",0.719512195121951,0.282811462652779,0.48955714456743,1
3,23,"global",0.841463414634146,0.665088538435585,0.414895353772815,1
3,23,"scale x0.5",0.731707317073171,0.464220023726342,0.283986896093861,1
3,23,"scale x2",0.817073170731707,0.776820017196156,0.574906672761507,1
3,23,"perplexity",0.695121951219512,0.297765588097648,0.103057215311109,1
3,24,"global",0.875,0.655444080005145,0.55968229468133,1
3,24,"scale x0.5",0.763888888888889,0.393015628014663,0.197118785774005,1
3,24,"scale x2",0.833333333333333,0.742459322142903,0.682487619782623,1
3,24,"perplexity",0.694444444444444,0.0693613737217828,0.395427358672583,1
3,25,"global",0.861538461538462,0.801914419336509,0.617859172166616,0
3,25,"scale x0.5",0.707692307692308,0.447965383102408,0.39652082695922,1
3,25,"scale x2",0.8,0.778443113772455,0.570698020018357,0
3,25,"perplexity",0.692307692307692,0.267800166091175,0.420210673543424,0
3,26,"global",0.810126582278481,0.752141549725442,0.478779743746187,1
3,26,"scale x0.5",0.835443037974684,0.885613178767541,0.722342892007321,1
3,26,"scale x2",0.936708860759494,0.949115314215985,0.749432580841977,1
3,26,"perplexity",0.886075949367089,0.837364246491763,0.631092129347163,1
3,27,"global",0.91358024691358,0.734394760614273,0.571318879855465,1
3,27,"scale x0.5",0.82716049382716,0.632655826558266,0.420641373080397,1
3,27,"scale x2",0.901234567901235,0.788414634146341,0.625564588979223,1
3,27,"perplexity",0.753086419753086,0.437127371273713,0.278748870822042,1
3,28,"global",0.878378378378378,0.71115883006294,0.582495372084413,1
3,28,"scale x0.5",0.743243243243243,0.666286560533136,0.321406886338393,1
3,28,"scale x2",0.864864864864865,0.88312476860422,0.668922621251388,1
3,28,"perplexity",0.743243243243243,0.351647537948908,0.196534616808589,1
3,29,"global",0.825396825396825,0.787874423963134,0.505616359447005,0
3,29,"scale x0.5",0.825396825396825,0.581557219662058,0.284034178187404,1
3,29,"scale x2",0.793650793650794,0.812019969278034,0.615255376344086,0
3,29,"perplexity",0.634920634920635,0.332901305683564,0.322388632872504,1
3,30,"global",0.819444444444444,0.69776191394945,0.399189658498939,1
3,30,"scale x0.5",0.652777777777778,0.50836066628079,0.335101935815808,1
3,30,"scale x2",0.819444444444444,0.845391986622934,0.626760563380282,1
3,30,"perplexity",0.694444444444444,0.278378030741527,0.327770274615731,1
3,31,"global",0.814285714285714,0.457020383168577,0.355751902720672,1
3,31,"scale x0.5",0.771428571428571,0.395748403464264,0.0809552969993876,1
3,31,"scale x2",0.685714285714286,0.586037966932027,0.291400577377307,0
3,31,"perplexity",0.742857142857143,0.157064123873677,0.193911293850057,1
3,32,"global",0.8125,0.486309523809524,0.458882783882784,1
3,32,"scale x0.5",0.875,0.68543956043956,0.465567765567766,1
3,32,"scale x2",0.75,0.609569597069597,0.674908424908425,1
3,32,"perplexity",0.75,0.315705128205128,0.0876373626373626,1
3,33,"global",0.903225806451613,0.725013220518244,0.589685477575483,1
3,33,"scale x0.5",0.758064516129032,0.496764120772582,0.296416610007303,1
3,33,"scale x2",0.887096774193548,0.833547379819194,0.646647024753846,1
3,33,"perplexity",0.774193548387097,0.381632293319231,0.42655687341039,1
3,34,"global",0.840425531914894,0.784835458584691,0.420973160423364,1
3,34,"scale x0.5",0.638297872340426,0.317472817252465,0.0895639923418705,1
3,34,"scale x2",0.882978723404255,0.843326229093668,0.52580283928765,0
3,34,"perplexity",0.648936170212766,0.155308311960409,0.12603402810389,1
3,35,"global",0.905263157894737,0.879675251959686,0.784616461366181,1
3,35,"scale x0.5",0.694736842105263,0.409588465845465,0.271122620380739,1
3,35,"scale x2",0.863157894736842,0.825027995520717,0.641321388577828,1
3,35,"perplexity",0.694736842105263,0.307558790593505,0.343589025755879,1
3,36,"global",0.784810126582278,0.59255111976631,0.562025316455696,1
3,36,"scale x0.5",0.79746835443038,0.549659201557936,0.214629990262902,1
3,36,"scale x2",0.822784810126582,0.707010710808179,0.538388510223953,0
3,36,"perplexity",0.683544303797468,0.0881207400194742,0.110077896786758,1
3,37,"global",0.865671641791045,0.634807247186527,0.333346635804933,1
3,37,"scale x0.5",0.835820895522388,0.420624151967436,0.105275760236252,1
3,37,"scale x2",0.850746268656716,0.735932636283822,0.317224040226674,1
3,37,"perplexity",0.73134328358209,0.277276718014207,0.0510415835262192,1
3,38,"global",0.823529411764706,0.748291789136161,0.609993510707333,0
3,38,"scale x0.5",0.676470588235294,0.252395312440356,0.132381570408825,1
3,38,"scale x2",0.838235294117647,0.80230560751231,0.569607206932091,0
3,38,"perplexity",0.676470588235294,0.134977287475665,0.150208039088445,1
3,39,"global",0.865853658536585,0.79040280362643,0.508973563631219,1
3,39,"scale x0.5",0.768292682926829,0.388665774207943,0.25457929278088,1
3,39,"scale x2",0.853658536585366,0.872226031497263,0.675471533831804,1
3,39,"perplexity",0.682926829268293,0.387207366049564,0.387490340766862,1
3,4,"global",0.858490566037736,0.692671990326725,0.663339798977253,1
3,4,"scale x0.5",0.839622641509434,0.666403002745799,0.368415749300955,1
3,4,"scale x2",0.783018867924528,0.720190442602716,0.678726352117288,1
3,4,"perplexity",0.773584905660377,0.406091140388442,0.104748469657657,1
3,40,"global",0.871794871794872,0.710087380973457,0.607430544139405,0
3,40,"scale x0.5",0.833333333333333,0.639398576107437,0.378292593482467,1
3,40,"scale x2",0.858974358974359,0.710112672137988,0.658341658341658,0
3,40,"perplexity",0.730769230769231,0.392885595417241,0.446098205591876,0
3,41,"global",0.753086419753086,0.515270582119424,0.424169532873747,1
3,41,"scale x0.5",0.703703703703704,0.514045952741165,0.343034709448502,1
3,41,"scale x2",0.82716049382716,0.671894727716232,0.473714571842244,1
3,41,"perplexity",0.679012345679012,0.313560521131513,0.388138489502269,1
3,42,"global",0.816901408450704,0.694666219389467,0.606273062730628,1
3,42,"scale x0.5",0.76056338028169,0.548272391814827,0.302113384770211,1
3,42,"scale x2",0.830985915492958,0.741361959074136,0.602784300570279,1
3,42,"perplexity",0.746478873239437,0.516269708151627,0.381952364978195,1
3,43,"global",0.63013698630137,0.320498580772553,0.560656546957917,1
3,43,"scale x0.5",0.73972602739726,0.457176354436628,0.405899049734666,1
3,43,"scale x2",0.712328767123288,0.55235715167222,0.496050845365914,0
3,43,"perplexity",0.643835616438356,0.0046279155868197,0.268851042823646,1
3,44,"global",0.909090909090909,0.768866250547983,0.293948186961151,1
3,44,"scale x0.5",0.787878787878788,0.685489426549486,0.416028223702065,0
3,44,"scale x2",0.833333333333333,0.773584117904933,0.427133999958249,1
3,44,"perplexity",0.803030303030303,0.597979249733837,0.244055695885435,0
3,45,"global",0.872727272727273,0.761936749092712,0.635975925884183,1
3,45,"scale x0.5",0.818181818181818,0.62876270766179,0.514424182314091,1
3,45,"scale x2",0.8,0.774505781845231,0.585402249622433,1
3,45,"perplexity",0.790909090909091,0.500114960665419,0.196889299641593,1
3,46,"global",0.802631578947368,0.607542319577761,0.393223398145869,1
3,46,"scale x0.5",0.776315789473684,0.640222058139853,0.370197172313835,1
3,46,"scale x2",0.881578947368421,0.844613996226106,0.694369240025159,1
3,46,"perplexity",0.710526315789474,0.50851860967539,0.224956928378046,1
3,47,"global",0.838709677419355,0.643117185401808,0.673211781206171,1
3,47,"scale x0.5",0.752688172043011,0.438721613798454,0.289874966428934,1
3,47,"scale x2",0.838709677419355,0.697487392199576,0.607487093790099,1
3,47,"perplexity",0.612903225806452,-0.111993076900122,0.414998060338396,1
3,48,"global",0.880952380952381,0.46692315480409,0.456818872127164,1
3,48,"scale x0.5",0.845238095238095,0.701346562721474,0.459188012554419,1
3,48,"scale x2",0.857142857142857,0.640842361040802,0.649306469575782,1
3,48,"perplexity",0.726190476190476,0.298086463501063,0.158732408626101,1
3,49,"global",0.819148936170213,0.782913701549687,0.72887331575335,1
3,49,"scale x0.5",0.712765957446808,0.39382292381606,0.386872810027815,1
3,49,"scale x2",0.829787234042553,0.885532637358668,0.761673229057544,1
3,49,"perplexity",0.680851063829787,0.220806993461691,0.335404399812159,1
3,5,"global",0.875,0.691729323308271,0.304647983595352,1
3,5,"scale x0.5",0.785714285714286,0.596308954203691,0.379835953520164,1
3,5,"scale x2",0.839285714285714,0.772658920027341,0.605673274094327,0
3,5,"perplexity",0.732142857142857,0.357552973342447,0.0727956254272044,1
3,50,"global",0.789473684210526,0.612639977603583,0.469540873460246,1
3,50,"scale x0.5",0.694736842105263,0.529843225083987,0.45540313549832,1
3,50,"scale x2",0.810526315789474,0.654941209406495,0.520534714445689,1
3,50,"perplexity",0.68421052631579,0.215929451287794,0.264137737961926,1
3,6,"global",0.77027027027027,0.574054054054054,0.624701962236209,0
3,6,"scale x0.5",0.797297297297297,0.590314698259904,0.410499814883376,1
3,6,"scale x2",0.72972972972973,0.634328026656794,0.65571269900037,0
3,6,"perplexity",0.756756756756757,0.23115883006294,0.303250647908182,1
3,7,"global",0.756756756756757,0.579861676825583,0.468906891036716,0
3,7,"scale x0.5",0.72972972972973,0.513758071204312,0.171983294828505,1
3,7,"scale x2",0.797297297297297,0.783149570171122,0.650040356338214,0
3,7,"perplexity",0.77027027027027,0.528419524909662,0.26957822403886,1
3,9,"global",0.831325301204819,0.738738927836783,0.513874312581336,1
3,9,"scale x0.5",0.807228915662651,0.589500860585198,0.273771042357584,1
3,9,"scale x2",0.831325301204819,0.796629024810041,0.575857436715503,1
3,9,"perplexity",0.674698795180723,0.341652323580034,0.186075311699761,1
