"replicate","scenario","mean_delta","mean_A_dm","mean_abs_delta","mean_abs_A_dm","rho"
1,"Isotropic",-0.0124518669467178,0.0241047986926818,0.0326477452126856,0.0660098109549455,-0.112336945087313
1,"Redistributed",0.0749102526788594,NA,0.0912001521484592,NA,NA
1,"Obstructed",-0.0027849766167435,0.00127567522232713,0.0448969216344704,0.00144835504103271,-0.0182926829268293
2,"Isotropic",0.00305427886663763,0.000601758343068968,0.0388147668126124,0.0485634606424576,0.0891726251276813
2,"Redistributed",0.120986947537631,NA,0.145564445751845,NA,NA
2,"Obstructed",0.0526970432891365,NA,0.10733250378773,NA,NA
3,"Isotropic",-0.00034384973279784,0.0127501958880732,0.0295124086308617,0.0502400574130192,0.12345299088429
3,"Redistributed",0.0809072474714467,NA,0.120886458298035,NA,NA
3,"Obstructed",0.084401523211975,-257719707087.245,0.147901378863212,257719707087.255,-0.275141627011104
4,"Isotropic",-0.00346118765999575,0.0187675323098338,0.0298651261359166,0.0826708794424492,0.0432555850576817
4,"Redistributed",0.077114674439509,NA,0.0910218748410718,NA,NA
4,"Obstructed",-0.024858536022713,0.00329527922992745,0.0429138591239373,0.00457397091886939,0.190356953925989
5,"Isotropic",0.0084969593040458,-0.0203553646103596,0.0311943247362144,0.0798487065752978,0.283753736239703
5,"Redistributed",0.0861995838976329,NA,0.135767717307746,NA,NA
5,"Obstructed",-0.0333483801957621,8.49233786997679e-05,0.0800063884199713,0.000285109583434406,0.0760765550239235
6,"Isotropic",-0.00904068887450571,0.0111855618164331,0.0281112835559496,0.0130589897381863,0.14402987557389
6,"Redistributed",0.0537124495643715,NA,0.0803974537278328,NA,NA
6,"Obstructed",-0.0226051189313804,0.000504256393939555,0.0560459464272908,0.00280240432068937,-0.196031099592743
7,"Isotropic",-0.000102287567064545,0.000222838356374394,0.0401077124850674,0.021238768991101,0.00176423416198877
7,"Redistributed",0.0790591792151998,NA,0.0989846575779894,NA,NA
7,"Obstructed",-0.00415638483504414,NA,0.0667700220060163,NA,NA
8,"Isotropic",0.00143424482585746,-0.0347037843080364,0.0282320106683497,0.0758190672142977,-0.245746891620584
8,"Redistributed",0.0387123382596887,NA,0.0812142297430007,NA,NA
8,"Obstructed",0.0576339347076233,NA,0.125578246652873,NA,NA
9,"Isotropic",0.000478198444786656,-0.0134832243034266,0.0281368159462912,0.0860980932932699,0.0943454603648778
9,"Redistributed",0.0575752434364956,NA,0.110270871804182,NA,NA
9,"Obstructed",-0.0165267701258591,0.0111756485499953,0.054861272451794,0.0252316183798922,0.158830443726124
10,"Isotropic",-0.0148594720624418,0.0237428777345433,0.031276353871484,0.0249059771416104,0.214666040530289
10,"Redistributed",0.109477130020016,NA,0.119926079990964,NA,NA
10,"Obstructed",0.0783250398506925,NA,0.135989725926254,NA,NA
11,"Isotropic",-0.00123362927223589,0.0638598056734881,0.0198991280623294,0.0781059594663561,-0.0649485688729875
11,"Redistributed",0.000118472104362758,NA,0.147900181190079,NA,NA
11,"Obstructed",-0.0285613551462474,NA,0.0821306638321735,NA,NA
12,"Isotropic",-0.00420019914693323,-0.00681453104740427,0.0306933038922351,0.0426902803960585,-0.0203729736853666
12,"Redistributed",0.123230987998984,NA,0.176733015681185,NA,NA
12,"Obstructed",-0.013447688268723,0.00769364788890482,0.0542157413965,0.00833735307566238,0.155836792548345
13,"Isotropic",-0.00230062609673994,-0.00934542007719699,0.0243392949375477,0.0722203007545097,-0.128563096887074
13,"Redistributed",0.0535585843767504,NA,0.0932206124060037,NA,NA
13,"Obstructed",-0.0370839247965494,NA,0.0702575249910004,NA,NA
14,"Isotropic",0.00309466866299328,-0.0385382583404898,0.03607329244098,0.0681727968531323,-0.00345903418339664
14,"Redistributed",0.0744851329372907,NA,0.0916514154718719,NA,NA
14,"Obstructed",-0.0332071467006491,0.0346947625360955,0.0577662375415429,0.045379855228281,0.499947421000053
15,"Isotropic",-0.00460704947666392,0.000870877422481508,0.0413899485346121,0.0899229905758179,0.293085222716337
15,"Redistributed",0.0127743609116624,NA,0.102209659081481,NA,NA
15,"Obstructed",-0.0238477117911278,0.0158661343047615,0.0465162504771583,0.0170732893781138,-0.189010989010989
16,"Isotropic",-0.00133267175279539,-0.00159688061368302,0.0426722913820847,0.0751449527020371,0.137439703153989
16,"Redistributed",0.0140599138680999,NA,0.0926953430212937,NA,NA
16,"Obstructed",-0.0149039860682254,0.0029939246658284,0.0347944694255715,0.00737036538763088,-0.37319587628866
17,"Isotropic",0.00531479422272116,0.0012342868412887,0.0346507485736368,0.0423421095743268,0.187105512308016
17,"Redistributed",0.0493728803418992,NA,0.116669101548708,NA,NA
17,"Obstructed",0.00221262093964488,NA,0.0393478802757769,NA,NA
18,"Isotropic",-0.00174942035057479,-0.00441896541486919,0.0363805686367509,0.0270260024909451,0.116472613141642
18,"Redistributed",0.0667176829669529,NA,0.0739672441942547,NA,NA
18,"Obstructed",0.0211910502400557,NA,0.0853503134969515,NA,NA
19,"Isotropic",-0.00165412573718085,0.018942755697649,0.030636441556192,0.0572477051071815,-0.289352749843335
19,"Redistributed",0.0449466061797678,NA,0.0633527442854162,NA,NA
19,"Obstructed",-0.0497825390169434,NA,0.0812996265217735,NA,NA
20,"Isotropic",-0.00915659285874644,0.0519487969340405,0.0287950509967206,0.076669202257191,0.11405954134231
20,"Redistributed",0.0310345588586623,NA,0.135403333373505,NA,NA
20,"Obstructed",-0.00973360627880036,NA,0.0654359852436554,NA,NA
21,"Isotropic",-8.18076540184325e-05,0.0201674768070246,0.027450450882668,0.0768642594974911,0.196190001424299
21,"Redistributed",0.0974387299372806,NA,0.140756836333039,NA,NA
21,"Obstructed",-0.0308850522317906,NA,0.0701124497367571,NA,NA
22,"Isotropic",0.00010030184566058,0.0187911237916722,0.0293909782422093,0.0277699976115136,0.0422199523323119
22,"Redistributed",0.0803161793014775,NA,0.0928643567079241,NA,NA
22,"Obstructed",-0.0220505213331181,0.0252980201368106,0.0535424418927959,0.0275960956469117,-0.300355895125216
23,"Isotropic",0.00323518667503146,-0.017527148955949,0.0306648355323695,0.0427320234841042,0.0163213885778275
23,"Redistributed",-0.0196462543976223,0.00384493386575763,0.0894035934339202,0.00475062605802298,-0.0425651867512333
23,"Obstructed",-0.0276092591193307,0.0511644545298012,0.0482029709440725,0.0593652023882008,0.433571685114442
24,"Isotropic",0.00381177362728939,0.0203902858636267,0.0308051870725821,0.0573978923181937,0.205076830602777
24,"Redistributed",0.0490586695320554,NA,0.092583243974957,NA,NA
24,"Obstructed",-0.0215678885356033,-0.000885438444034437,0.0566953453677112,0.00482535198305154,-0.0366261495916136
25,"Isotropic",0.00738336558838058,-0.0315911365253575,0.0294874894729584,0.0606772775197568,0.0253094018231419
25,"Redistributed",0.175055023468902,NA,0.27591620863643,NA,NA
25,"Obstructed",-0.0100490931336316,-1615637560.71182,0.0614126337516421,1615637560.7128,-0.130075615192972
26,"Isotropic",0.00867046819917357,0.00397874552831499,0.0283171494767021,0.0565277494533339,0.114489687995769
26,"Redistributed",-0.00396108191743793,NA,0.0919948958085911,NA,NA
26,"Obstructed",0.0134308267367026,NA,0.0800117642777129,NA,NA
27,"Isotropic",-0.00123128360623745,0.019261973553388,0.0335363618418355,0.085455635482924,0.0483890749563659
27,"Redistributed",0.161159816551008,NA,0.21091254478517,NA,NA
27,"Obstructed",-0.0336219894988784,NA,0.0507497165816476,NA,NA
28,"Isotropic",0.00188299423625318,-0.0326954195794368,0.0324753615416484,0.0690093930758271,0.0467994552264215
28,"Redistributed",0.0182387532361593,NA,0.0792455467561905,NA,NA
28,"Obstructed",-0.0302202045132455,0.00426579269313675,0.0705513889918787,0.00436161254534237,0.115794150314698
29,"Isotropic",0.00151090206100183,-0.00994014470241724,0.0330132113419505,0.0380350073535041,0.472352469456106
29,"Redistributed",0.017369073755416,NA,0.0643069719796924,NA,NA
29,"Obstructed",-0.0173308531553403,0.00484988331546851,0.0690779231641931,0.00737198623642571,0.420890937019969
30,"Isotropic",0.0105116038344328,-0.0178409022314093,0.0424425117613697,0.055191569405954,0.163555352048184
30,"Redistributed",0.0480440245706049,NA,0.267109178321646,NA,NA
30,"Obstructed",-0.0238571018443152,-0.000722842820528737,0.0634386524081556,0.001609737601324,0.17975432503698
31,"Isotropic",0.00239878786052597,0.00317573109174268,0.0358930885811989,0.0280631068751005,0.05061041779707
31,"Redistributed",0.0163624803975263,NA,0.0456959447193197,NA,NA
31,"Obstructed",-0.0251876794439486,0.0144640275985992,0.0440144291866982,0.01448526892837,0.0224127372933252
32,"Isotropic",0.0077076660351154,-0.00119509221827407,0.0349650187854155,0.0588442710138156,-0.0840420449116101
32,"Redistributed",0.00957175248753134,NA,0.0725600568210563,NA,NA
32,"Obstructed",-0.0149798004296684,0.0277997333462233,0.0674955627063,0.0280650930376579,-0.0238095238095238
33,"Isotropic",0.0041273374535947,-0.00840537975228673,0.0282988765568366,0.0488764331075475,-0.0282047630003762
33,"Redistributed",-0.0185851085726569,NA,0.0968760701503785,NA,NA
33,"Obstructed",-0.0236909811629128,-0.00359715973745741,0.0643852114534287,0.00444034603930737,0.138475485381884
34,"Isotropic",0.00602975046413651,-0.0149341119125315,0.0352149988860573,0.0553597448061758,0.217692226409778
34,"Redistributed",0.15828295421177,NA,0.203667727215818,NA,NA
34,"Obstructed",-0.00756616141692544,0.0243317229291561,0.0348793147996842,0.0340332017539956,0.095170321135715
35,"Isotropic",-0.0100612556432839,0.00703123941393655,0.0333790649544271,0.0421602655330583,-0.0113393852524287
35,"Redistributed",-0.0374860824535605,NA,0.0741268640457396,NA,NA
35,"Obstructed",-0.00799098057580259,0.000259658711776365,0.0335019377630336,0.0002698115596398,0.0148096304591265
36,"Isotropic",0.0025574549496731,-0.0196123715131837,0.0378247761035557,0.0231311875214475,-0.0632926501745695
36,"Redistributed",0.00986757928321832,-7571616590.45037,0.126230866144187,10206083579.4124,-0.401881284463185
36,"Obstructed",-0.0195210493598924,0.000533378496760269,0.0494243695009535,0.000591400120622195,0.0360516066212269
37,"Isotropic",0.00136027278583966,-0.020037691940261,0.0300417243996123,0.0441086422275061,0.136511908071541
37,"Redistributed",0.0237584481250849,NA,0.0660640528331017,NA,NA
37,"Obstructed",-0.0199827922754666,0.00025542494711839,0.0436436603972759,0.000265882499344401,-0.0716737169766143
38,"Isotropic",0.00442816794226105,-0.00191087702593943,0.031361537080656,0.0653083421205359,0.189228405169156
38,"Redistributed",0.05014797355522,NA,0.142500026442212,NA,NA
38,"Obstructed",-0.0130148114077401,0.0027043573659924,0.0598631551378701,0.0033451399606744,0.0545864030232469
39,"Isotropic",0.0134433456466309,-0.0102515229227077,0.0461477330600761,0.0155605553288912,0.251404076633715
39,"Redistributed",-0.0326596915186666,0.0194378791918316,0.108325307601012,0.0196237420765004,-0.053530265516947
39,"Obstructed",-0.0175654829528717,0.024070201723144,0.0560084853244938,0.032719979883933,0.349724099650635
40,"Isotropic",0.0115030704242137,-0.0111847815047187,0.039773402107625,0.0172601857395191,0.110902529707662
40,"Redistributed",0.0801615091558712,NA,0.148446364175543,NA,NA
40,"Obstructed",-0.00365081629221697,0.0197202402567598,0.050938994483604,0.020760302061251,-0.269237092021902
41,"Isotropic",0.00135433054632784,0.0104663792347349,0.0381275075404664,0.063566919667034,0.137013875317569
41,"Redistributed",0.0455191881289712,NA,0.128825439338505,NA,NA
41,"Obstructed",-0.0311252562391398,NA,0.0537913808000759,NA,NA
42,"Isotropic",0.006496679416498,-0.00919816468413967,0.0301094317510048,0.0244585640368743,0.147099567099567
42,"Redistributed",0.118594283982254,NA,0.254947189967305,NA,NA
42,"Obstructed",0.0196681106181159,NA,0.0760988011203953,NA,NA
43,"Isotropic",-0.00205546674668347,-0.0128422928586384,0.0327392485740857,0.0479846031724251,-0.10694096932629
43,"Redistributed",0.0740265907654884,NA,0.153683336794671,NA,NA
43,"Obstructed",-0.0216640663706197,0.0011009885252081,0.0517463092122994,0.00150944326203935,-0.0178329013945452
44,"Isotropic",0.00227710596819345,0.018282999363828,0.0333937659002458,0.0315897630926369,0.350876422264201
44,"Redistributed",0.179250151956471,NA,0.193583432208208,NA,NA
44,"Obstructed",0.000655396300937415,NA,0.0816230316587205,NA,NA
45,"Isotropic",-0.00665237706241265,0.000958947085165034,0.0437088376458674,0.0530186851018564,0.272201482727798
45,"Redistributed",0.0955759669098365,NA,0.111854884067355,NA,NA
45,"Obstructed",-0.0152727627333519,NA,0.0466577255340323,NA,NA
46,"Isotropic",-0.00432748931492251,-0.0321149537647423,0.0328902507038062,0.0561662809473153,-0.0319989289061454
46,"Redistributed",0.0671257844329176,NA,0.191519741953826,NA,NA
46,"Obstructed",-0.0212497235350009,NA,0.0751323963960047,NA,NA
47,"Isotropic",0.00550076582687486,-0.0058230768602048,0.0314957312437857,0.0410193063351133,-0.298064472352432
47,"Redistributed",0.0534987333574743,NA,0.094481815475279,NA,NA
47,"Obstructed",-0.0256997939133983,0.00232959401322725,0.0472004502468605,0.00295885843739787,0.0983557637790576
48,"Isotropic",-0.00419036035132787,-0.00263584228097691,0.0238744518668649,0.0582084245607,0.130792139344423
48,"Redistributed",0.0142134066454439,NA,0.0913536438949773,NA,NA
48,"Obstructed",-0.0255563628027107,NA,0.0584904555717231,NA,NA
49,"Isotropic",0.00510918633292866,-0.0365947250475143,0.0310500948355667,0.0829905120359818,0.146569711225834
49,"Redistributed",0.170952669985624,NA,0.244161884377244,NA,NA
49,"Obstructed",-0.0233317383837342,0.0108408581507236,0.0490228230597235,0.0137813887361135,0.0842610988693422
50,"Isotropic",0.00849661838887221,-0.00113529505905051,0.0314097885755314,0.0453536923646395,0.247146057825669
50,"Redistributed",-0.0300608021294876,NA,0.106948361446131,NA,NA
50,"Obstructed",-0.0151015585842138,0.0275487737005682,0.0391256247742139,0.0435036041208822,-0.227757558790594
