"alpha","fpr","fpr_int","fpr_bw","n_edges","n_edges_int","mean_cGD","median_cGD","cond","replicate","generation"
0.01,0.0630630630630631,0.0630630630630631,0,111,111,4.05982081415283,3.7449806120663,1,1,2004
0.05,0.117117117117117,0.117117117117117,0.00900900900900901,111,111,4.05982081415283,3.7449806120663,1,1,2004
0.1,0.189189189189189,0.189189189189189,0.045045045045045,111,111,4.05982081415283,3.7449806120663,1,1,2004
0.01,0.032520325203252,0.032520325203252,0,123,123,4.12780850678744,3.92863474178026,1,1,2334
0.05,0.0975609756097561,0.0975609756097561,0.00813008130081301,123,123,4.12780850678744,3.92863474178026,1,1,2334
0.1,0.16260162601626,0.16260162601626,0.040650406504065,123,123,4.12780850678744,3.92863474178026,1,1,2334
0.01,0.040650406504065,0.040650406504065,0,123,123,3.89578349333721,3.47187080049605,1,1,2669
0.05,0.16260162601626,0.16260162601626,0.00813008130081301,123,123,3.89578349333721,3.47187080049605,1,1,2669
0.1,0.211382113821138,0.211382113821138,0.040650406504065,123,123,3.89578349333721,3.47187080049605,1,1,2669
0.01,0.0309278350515464,0.0309278350515464,0,97,97,3.7505062159922,3.27357236402574,1,1,2999
0.05,0.0927835051546392,0.0927835051546392,0.0206185567010309,97,97,3.7505062159922,3.27357236402574,1,1,2999
0.1,0.11340206185567,0.11340206185567,0.0618556701030928,97,97,3.7505062159922,3.27357236402574,1,1,2999
0.01,0.027027027027027,0.027027027027027,0,74,74,3.54445479366453,3.07477378197045,1,2,2004
0.05,0.0540540540540541,0.0540540540540541,0.0135135135135135,74,74,3.54445479366453,3.07477378197045,1,2,2004
0.1,0.121621621621622,0.121621621621622,0.0675675675675676,74,74,3.54445479366453,3.07477378197045,1,2,2004
0.01,0,0,0,92,92,3.93992621599695,3.33428474725355,1,2,2334
0.05,0,0,0,92,92,3.93992621599695,3.33428474725355,1,2,2334
0.1,0.0217391304347826,0.0217391304347826,0.0108695652173913,92,92,3.93992621599695,3.33428474725355,1,2,2334
0.01,0.0319148936170213,0.0319148936170213,0,94,94,3.36465023267805,2.98528687043452,1,2,2669
0.05,0.0425531914893617,0.0425531914893617,0,94,94,3.36465023267805,2.98528687043452,1,2,2669
0.1,0.074468085106383,0.074468085106383,0.0319148936170213,94,94,3.36465023267805,2.98528687043452,1,2,2669
0.01,0,0,0.0112359550561798,89,89,3.27081746578797,2.97221498155214,1,2,2999
0.05,0.0786516853932584,0.0786516853932584,0.0224719101123595,89,89,3.27081746578797,2.97221498155214,1,2,2999
0.1,0.134831460674157,0.134831460674157,0.0337078651685393,89,89,3.27081746578797,2.97221498155214,1,2,2999
0.01,0.0186915887850467,0.0186915887850467,0,107,107,3.95578155245565,3.65276830873224,1,3,2004
0.05,0.0560747663551402,0.0560747663551402,0.0280373831775701,107,107,3.95578155245565,3.65276830873224,1,3,2004
0.1,0.102803738317757,0.102803738317757,0.0654205607476635,107,107,3.95578155245565,3.65276830873224,1,3,2004
0.01,0,0,0,110,110,3.93440816757047,3.90450790413117,1,3,2334
0.05,0.00909090909090909,0.00909090909090909,0.00909090909090909,110,110,3.93440816757047,3.90450790413117,1,3,2334
0.1,0.0181818181818182,0.0181818181818182,0.00909090909090909,110,110,3.93440816757047,3.90450790413117,1,3,2334
0.01,0.0416666666666667,0.0416666666666667,0,96,96,3.81862536524868,3.61027127249888,1,3,2669
0.05,0.0729166666666667,0.0729166666666667,0.03125,96,96,3.81862536524868,3.61027127249888,1,3,2669
0.1,0.104166666666667,0.104166666666667,0.0520833333333333,96,96,3.81862536524868,3.61027127249888,1,3,2669
0.01,0.0619469026548673,0.0619469026548673,0,113,113,4.07838315010136,4.02642399720805,1,3,2999
0.05,0.123893805309735,0.123893805309735,0.0353982300884956,113,113,4.07838315010136,4.02642399720805,1,3,2999
0.1,0.15929203539823,0.15929203539823,0.0619469026548673,113,113,4.07838315010136,4.02642399720805,1,3,2999
0.01,0.0277777777777778,0.0277777777777778,0,108,108,4.04722550586856,3.73437016930015,1,4,2004
0.05,0.0740740740740741,0.0740740740740741,0.0185185185185185,108,108,4.04722550586856,3.73437016930015,1,4,2004
0.1,0.0833333333333333,0.0833333333333333,0.0648148148148148,108,108,4.04722550586856,3.73437016930015,1,4,2004
0.01,0.0241935483870968,0.0241935483870968,0,124,124,4.16565380520812,4.28261497194001,1,4,2334
0.05,0.0564516129032258,0.0564516129032258,0.00806451612903226,124,124,4.16565380520812,4.28261497194001,1,4,2334
0.1,0.120967741935484,0.120967741935484,0.0483870967741935,124,124,4.16565380520812,4.28261497194001,1,4,2334
0.01,0.0441176470588235,0.0441176470588235,0,136,136,3.63771064346967,3.70951191451601,1,4,2669
0.05,0.125,0.125,0.0147058823529412,136,136,3.63771064346967,3.70951191451601,1,4,2669
0.1,0.183823529411765,0.183823529411765,0.0441176470588235,136,136,3.63771064346967,3.70951191451601,1,4,2669
0.01,0.0390625,0.0390625,0.015625,128,128,3.42119745269171,3.46905338541077,1,4,2999
0.05,0.0703125,0.0703125,0.0234375,128,128,3.42119745269171,3.46905338541077,1,4,2999
0.1,0.1171875,0.1171875,0.0546875,128,128,3.42119745269171,3.46905338541077,1,4,2999
0.01,0.05,0.05,0,80,80,4.30015875988933,3.77509169240847,1,5,2004
0.05,0.1,0.1,0,80,80,4.30015875988933,3.77509169240847,1,5,2004
0.1,0.15,0.15,0.0375,80,80,4.30015875988933,3.77509169240847,1,5,2004
0.01,0.0967741935483871,0.0967741935483871,0,93,93,4.01327891288382,3.40794493532512,1,5,2334
0.05,0.236559139784946,0.236559139784946,0.032258064516129,93,93,4.01327891288382,3.40794493532512,1,5,2334
0.1,0.301075268817204,0.301075268817204,0.0752688172043011,93,93,4.01327891288382,3.40794493532512,1,5,2334
0.01,0.0759493670886076,0.0759493670886076,0,79,79,4.0156663557362,3.59959290938611,1,5,2669
0.05,0.113924050632911,0.113924050632911,0.0379746835443038,79,79,4.0156663557362,3.59959290938611,1,5,2669
0.1,0.139240506329114,0.139240506329114,0.113924050632911,79,79,4.0156663557362,3.59959290938611,1,5,2669
0.01,0.0114942528735632,0.0114942528735632,0,87,87,4.27562672995225,4.0189371780232,1,5,2999
0.05,0.0804597701149425,0.0804597701149425,0.0344827586206897,87,87,4.27562672995225,4.0189371780232,1,5,2999
0.1,0.137931034482759,0.137931034482759,0.0459770114942529,87,87,4.27562672995225,4.0189371780232,1,5,2999
0.01,0,0,0,129,129,4.1067103975319,4.04178444509764,4,1,2004
0.05,0.0697674418604651,0.0697674418604651,0.0232558139534884,129,129,4.1067103975319,4.04178444509764,4,1,2004
0.1,0.10077519379845,0.10077519379845,0.0775193798449612,129,129,4.1067103975319,4.04178444509764,4,1,2004
0.01,0.0267857142857143,0.0267857142857143,0,112,112,5.67032028855517,6.0074708436701,4,1,2334
0.05,0.0357142857142857,0.0357142857142857,0.0178571428571429,112,112,5.67032028855517,6.0074708436701,4,1,2334
0.1,0.0535714285714286,0.0535714285714286,0.0357142857142857,112,112,5.67032028855517,6.0074708436701,4,1,2334
0.01,0.00869565217391304,0.00869565217391304,0,115,115,5.76231091193059,5.83906158372591,4,1,2669
0.05,0.0695652173913043,0.0695652173913043,0,115,115,5.76231091193059,5.83906158372591,4,1,2669
0.1,0.0956521739130435,0.0956521739130435,0.0173913043478261,115,115,5.76231091193059,5.83906158372591,4,1,2669
0.01,0.032967032967033,0.032967032967033,0,91,91,5.41289441023231,5.00813130947381,4,1,2999
0.05,0.0879120879120879,0.0879120879120879,0,91,91,5.41289441023231,5.00813130947381,4,1,2999
0.1,0.0989010989010989,0.0989010989010989,0.010989010989011,91,91,5.41289441023231,5.00813130947381,4,1,2999
0.01,0,0,0,95,95,4.16297346869715,3.85647403622332,4,2,2004
0.05,0.0105263157894737,0.0105263157894737,0.0105263157894737,95,95,4.16297346869715,3.85647403622332,4,2,2004
0.1,0.0210526315789474,0.0210526315789474,0.0105263157894737,95,95,4.16297346869715,3.85647403622332,4,2,2004
0.01,0.0232558139534884,0.0232558139534884,0,86,86,5.72100989583581,5.38848089689472,4,2,2334
0.05,0.0930232558139535,0.0930232558139535,0,86,86,5.72100989583581,5.38848089689472,4,2,2334
0.1,0.151162790697674,0.151162790697674,0.0116279069767442,86,86,5.72100989583581,5.38848089689472,4,2,2334
0.01,0,0,0,103,103,5.46022017744504,5.29163728858845,4,2,2669
0.05,0.029126213592233,0.029126213592233,0.0194174757281553,103,103,5.46022017744504,5.29163728858845,4,2,2669
0.1,0.0970873786407767,0.0970873786407767,0.087378640776699,103,103,5.46022017744504,5.29163728858845,4,2,2669
0.01,0.0198019801980198,0.0198019801980198,0,101,101,4.75472294463744,4.77022628561842,4,2,2999
0.05,0.0396039603960396,0.0396039603960396,0,101,101,4.75472294463744,4.77022628561842,4,2,2999
0.1,0.099009900990099,0.099009900990099,0.0198019801980198,101,101,4.75472294463744,4.77022628561842,4,2,2999
0.01,0,0,0.0087719298245614,114,114,4.11046382578472,3.66821896616156,4,3,2004
0.05,0.0263157894736842,0.0263157894736842,0.0263157894736842,114,114,4.11046382578472,3.66821896616156,4,3,2004
0.1,0.0526315789473684,0.0526315789473684,0.087719298245614,114,114,4.11046382578472,3.66821896616156,4,3,2004
0.01,0.0714285714285714,0.0714285714285714,0,70,70,5.12027040858003,4.63513270866697,4,3,2334
0.05,0.128571428571429,0.128571428571429,0.0142857142857143,70,70,5.12027040858003,4.63513270866697,4,3,2334
0.1,0.171428571428571,0.171428571428571,0.0857142857142857,70,70,5.12027040858003,4.63513270866697,4,3,2334
0.01,0,0,0,88,88,5.30896638529314,5.02806435586063,4,3,2669
0.05,0.0568181818181818,0.0568181818181818,0.0113636363636364,88,88,5.30896638529314,5.02806435586063,4,3,2669
0.1,0.0909090909090909,0.0909090909090909,0.0454545454545455,88,88,5.30896638529314,5.02806435586063,4,3,2669
0.01,0,0,0,106,106,6.21270490042459,6.17750172026287,4,3,2999
0.05,0.0943396226415094,0.0943396226415094,0,106,106,6.21270490042459,6.17750172026287,4,3,2999
0.1,0.132075471698113,0.132075471698113,0.0471698113207547,106,106,6.21270490042459,6.17750172026287,4,3,2999
0.01,0.00840336134453781,0.00840336134453781,0,119,119,4.4534077433265,4.11890751368352,4,4,2004
0.05,0.0336134453781513,0.0336134453781513,0.0336134453781513,119,119,4.4534077433265,4.11890751368352,4,4,2004
0.1,0.0756302521008403,0.0756302521008403,0.0756302521008403,119,119,4.4534077433265,4.11890751368352,4,4,2004
0.01,0.0224719101123595,0.0224719101123595,0,89,89,5.69509804156103,5.07189845738192,4,4,2334
0.05,0.0674157303370786,0.0674157303370786,0.0112359550561798,89,89,5.69509804156103,5.07189845738192,4,4,2334
0.1,0.123595505617978,0.123595505617978,0.0337078651685393,89,89,5.69509804156103,5.07189845738192,4,4,2334
0.01,0.0125,0.0125,0,80,80,6.33097814270309,5.72100475439237,4,4,2669
0.05,0.0375,0.0375,0.05,80,80,6.33097814270309,5.72100475439237,4,4,2669
0.1,0.05,0.05,0.075,80,80,6.33097814270309,5.72100475439237,4,4,2669
0.01,0.0394736842105263,0.0394736842105263,0,76,76,5.22468887326713,5.13458266134036,4,4,2999
0.05,0.144736842105263,0.144736842105263,0,76,76,5.22468887326713,5.13458266134036,4,4,2999
0.1,0.171052631578947,0.171052631578947,0.0394736842105263,76,76,5.22468887326713,5.13458266134036,4,4,2999
0.01,0.0357142857142857,0.0357142857142857,0,112,112,5.05012209226088,4.53145971694076,4,5,2004
0.05,0.0446428571428571,0.0446428571428571,0.0267857142857143,112,112,5.05012209226088,4.53145971694076,4,5,2004
0.1,0.0625,0.0625,0.0982142857142857,112,112,5.05012209226088,4.53145971694076,4,5,2004
0.01,0.0352941176470588,0.0352941176470588,0,85,85,6.21928979387096,5.50064186761574,4,5,2334
0.05,0.0941176470588235,0.0941176470588235,0,85,85,6.21928979387096,5.50064186761574,4,5,2334
0.1,0.176470588235294,0.176470588235294,0.0235294117647059,85,85,6.21928979387096,5.50064186761574,4,5,2334
0.01,0.0375,0.0375,0,80,80,5.7597782221428,4.99226479215825,4,5,2669
0.05,0.1125,0.1125,0,80,80,5.7597782221428,4.99226479215825,4,5,2669
0.1,0.1875,0.1875,0.0125,80,80,5.7597782221428,4.99226479215825,4,5,2669
0.01,0.0119047619047619,0.0119047619047619,0.0119047619047619,84,84,5.68112204024558,4.85075667679904,4,5,2999
0.05,0.0476190476190476,0.0476190476190476,0.0119047619047619,84,84,5.68112204024558,4.85075667679904,4,5,2999
0.1,0.142857142857143,0.142857142857143,0.0238095238095238,84,84,5.68112204024558,4.85075667679904,4,5,2999
0.01,0.00714285714285714,0.00714285714285714,0,140,140,4.48064180618156,4.44589865497436,5,1,2004
0.05,0.0571428571428571,0.0571428571428571,0.00714285714285714,140,140,4.48064180618156,4.44589865497436,5,1,2004
0.1,0.0857142857142857,0.0857142857142857,0.05,140,140,4.48064180618156,4.44589865497436,5,1,2004
0.01,0.027027027027027,0.027027027027027,0.018018018018018,111,111,7.16109736369845,7.18195386439635,5,1,2334
0.05,0.0810810810810811,0.0810810810810811,0.036036036036036,111,111,7.16109736369845,7.18195386439635,5,1,2334
0.1,0.153153153153153,0.153153153153153,0.045045045045045,111,111,7.16109736369845,7.18195386439635,5,1,2334
0.01,0.00819672131147541,0.00819672131147541,0,122,122,8.04891578489494,8.07277492548777,5,1,2669
0.05,0.00819672131147541,0.00819672131147541,0.0327868852459016,122,122,8.04891578489494,8.07277492548777,5,1,2669
0.1,0.040983606557377,0.040983606557377,0.0655737704918033,122,122,8.04891578489494,8.07277492548777,5,1,2669
0.01,0,0,0,104,104,7.46366971237836,6.97276504993951,5,1,2999
0.05,0.0288461538461538,0.0288461538461538,0.0192307692307692,104,104,7.46366971237836,6.97276504993951,5,1,2999
0.1,0.0576923076923077,0.0576923076923077,0.0480769230769231,104,104,7.46366971237836,6.97276504993951,5,1,2999
0.01,0.0192307692307692,0.0192307692307692,0,104,104,4.51225588209518,4.07182441895349,5,2,2004
0.05,0.0480769230769231,0.0480769230769231,0.0192307692307692,104,104,4.51225588209518,4.07182441895349,5,2,2004
0.1,0.105769230769231,0.105769230769231,0.0288461538461538,104,104,4.51225588209518,4.07182441895349,5,2,2004
0.01,0.0379746835443038,0.0379746835443038,0,79,79,6.48729167033262,6.03496464059978,5,2,2334
0.05,0.113924050632911,0.113924050632911,0,79,79,6.48729167033262,6.03496464059978,5,2,2334
0.1,0.139240506329114,0.139240506329114,0.0759493670886076,79,79,6.48729167033262,6.03496464059978,5,2,2334
0.01,0.0813953488372093,0.0813953488372093,0,86,86,6.54670572321273,5.6734075311426,5,2,2669
0.05,0.162790697674419,0.162790697674419,0.0348837209302326,86,86,6.54670572321273,5.6734075311426,5,2,2669
0.1,0.22093023255814,0.22093023255814,0.0581395348837209,86,86,6.54670572321273,5.6734075311426,5,2,2669
0.01,0.103448275862069,0.103448275862069,0.0114942528735632,87,87,6.8100260283266,6.33366152719566,5,2,2999
0.05,0.137931034482759,0.137931034482759,0.0344827586206897,87,87,6.8100260283266,6.33366152719566,5,2,2999
0.1,0.252873563218391,0.252873563218391,0.0459770114942529,87,87,6.8100260283266,6.33366152719566,5,2,2999
0.01,0.015625,0.015625,0,128,128,4.24995717973428,3.89993298045024,5,3,2004
0.05,0.0625,0.0625,0,128,128,4.24995717973428,3.89993298045024,5,3,2004
0.1,0.125,0.125,0.0625,128,128,4.24995717973428,3.89993298045024,5,3,2004
0.01,0.021505376344086,0.021505376344086,0,93,93,7.08066192341361,6.16990937259966,5,3,2334
0.05,0.0860215053763441,0.0860215053763441,0.021505376344086,93,93,7.08066192341361,6.16990937259966,5,3,2334
0.1,0.0860215053763441,0.0860215053763441,0.0860215053763441,93,93,7.08066192341361,6.16990937259966,5,3,2334
0.01,0.0531914893617021,0.0531914893617021,0.0106382978723404,94,94,6.96122794584605,6.13511055288701,5,3,2669
0.05,0.106382978723404,0.106382978723404,0.0319148936170213,94,94,6.96122794584605,6.13511055288701,5,3,2669
0.1,0.159574468085106,0.159574468085106,0.0957446808510638,94,94,6.96122794584605,6.13511055288701,5,3,2669
0.01,0.08,0.08,0,75,75,7.12167012238386,6.09394840730089,5,3,2999
0.05,0.173333333333333,0.173333333333333,0.0266666666666667,75,75,7.12167012238386,6.09394840730089,5,3,2999
0.1,0.2,0.2,0.04,75,75,7.12167012238386,6.09394840730089,5,3,2999
0.01,0.032520325203252,0.032520325203252,0,123,123,4.39453453619544,4.00188701447414,5,4,2004
0.05,0.0813008130081301,0.0813008130081301,0.032520325203252,123,123,4.39453453619544,4.00188701447414,5,4,2004
0.1,0.121951219512195,0.121951219512195,0.0975609756097561,123,123,4.39453453619544,4.00188701447414,5,4,2004
0.01,0.0247933884297521,0.0247933884297521,0,121,121,6.75464702649285,6.33549944106175,5,4,2334
0.05,0.115702479338843,0.115702479338843,0.0247933884297521,121,121,6.75464702649285,6.33549944106175,5,4,2334
0.1,0.181818181818182,0.181818181818182,0.115702479338843,121,121,6.75464702649285,6.33549944106175,5,4,2334
0.01,0.0113636363636364,0.0113636363636364,0,88,88,6.79415442217319,6.06389104011047,5,4,2669
0.05,0.0454545454545455,0.0454545454545455,0.0113636363636364,88,88,6.79415442217319,6.06389104011047,5,4,2669
0.1,0.0681818181818182,0.0681818181818182,0.0227272727272727,88,88,6.79415442217319,6.06389104011047,5,4,2669
0.01,0.00952380952380952,0.00952380952380952,0,105,105,6.89455269862884,6.24903696977393,5,4,2999
0.05,0.0952380952380952,0.0952380952380952,0.00952380952380952,105,105,6.89455269862884,6.24903696977393,5,4,2999
0.1,0.104761904761905,0.104761904761905,0.0571428571428571,105,105,6.89455269862884,6.24903696977393,5,4,2999
0.01,0.0416666666666667,0.0416666666666667,0,96,96,4.90415557670389,4.30762604514991,5,5,2004
0.05,0.0833333333333333,0.0833333333333333,0.0208333333333333,96,96,4.90415557670389,4.30762604514991,5,5,2004
0.1,0.09375,0.09375,0.0416666666666667,96,96,4.90415557670389,4.30762604514991,5,5,2004
0.01,0.0178571428571429,0.0178571428571429,0,112,112,8.83557233889104,7.73779381229768,5,5,2334
0.05,0.0892857142857143,0.0892857142857143,0.0178571428571429,112,112,8.83557233889104,7.73779381229768,5,5,2334
0.1,0.196428571428571,0.196428571428571,0.0446428571428571,112,112,8.83557233889104,7.73779381229768,5,5,2334
0.01,0,0,0,97,97,8.77975225149388,8.00920750110997,5,5,2669
0.05,0.0206185567010309,0.0206185567010309,0.0103092783505155,97,97,8.77975225149388,8.00920750110997,5,5,2669
0.1,0.0618556701030928,0.0618556701030928,0.0309278350515464,97,97,8.77975225149388,8.00920750110997,5,5,2669
0.01,0.0618556701030928,0.0618556701030928,0,97,97,8.52149961607396,7.28097786278272,5,5,2999
0.05,0.175257731958763,0.175257731958763,0.0309278350515464,97,97,8.52149961607396,7.28097786278272,5,5,2999
0.1,0.247422680412371,0.247422680412371,0.0515463917525773,97,97,8.52149961607396,7.28097786278272,5,5,2999
0.01,0,0,0,140,140,4.54511408088058,4.6082632682163,6,1,2004
0.05,0.0142857142857143,0.0142857142857143,0.0142857142857143,140,140,4.54511408088058,4.6082632682163,6,1,2004
0.1,0.0642857142857143,0.0642857142857143,0.0571428571428571,140,140,4.54511408088058,4.6082632682163,6,1,2004
0.01,0,0,0.00680272108843537,147,147,9.14410854247079,9.53794251914447,6,1,2334
0.05,0.0476190476190476,0.0476190476190476,0.0204081632653061,147,147,9.14410854247079,9.53794251914447,6,1,2334
0.1,0.0612244897959184,0.0612244897959184,0.0476190476190476,147,147,9.14410854247079,9.53794251914447,6,1,2334
0.01,0.00757575757575758,0.00757575757575758,0,132,132,10.1194229472232,10.2062711904838,6,1,2669
0.05,0.00757575757575758,0.00757575757575758,0.0227272727272727,132,132,10.1194229472232,10.2062711904838,6,1,2669
0.1,0.0303030303030303,0.0303030303030303,0.053030303030303,132,132,10.1194229472232,10.2062711904838,6,1,2669
0.01,0.0315789473684211,0.0315789473684211,0.0105263157894737,95,95,9.34434840429439,9.67804602437264,6,1,2999
0.05,0.0736842105263158,0.0736842105263158,0.0105263157894737,95,95,9.34434840429439,9.67804602437264,6,1,2999
0.1,0.115789473684211,0.115789473684211,0.0421052631578947,95,95,9.34434840429439,9.67804602437264,6,1,2999
0.01,0.0116279069767442,0.0116279069767442,0.0232558139534884,86,86,4.0129196556729,3.6787843237232,6,2,2004
0.05,0.0116279069767442,0.0116279069767442,0.0232558139534884,86,86,4.0129196556729,3.6787843237232,6,2,2004
0.1,0.0581395348837209,0.0581395348837209,0.0348837209302326,86,86,4.0129196556729,3.6787843237232,6,2,2004
0.01,0.0606060606060606,0.0606060606060606,0,99,99,9.22962622659307,7.60464953690183,6,2,2334
0.05,0.171717171717172,0.171717171717172,0.0505050505050505,99,99,9.22962622659307,7.60464953690183,6,2,2334
0.1,0.202020202020202,0.202020202020202,0.111111111111111,99,99,9.22962622659307,7.60464953690183,6,2,2334
0.01,0.0232558139534884,0.0232558139534884,0,86,86,9.88360383361947,9.61575285568787,6,2,2669
0.05,0.0697674418604651,0.0697674418604651,0,86,86,9.88360383361947,9.61575285568787,6,2,2669
0.1,0.116279069767442,0.116279069767442,0.0465116279069767,86,86,9.88360383361947,9.61575285568787,6,2,2669
0.01,0.0206185567010309,0.0206185567010309,0,97,97,9.84970644793372,9.75661247150656,6,2,2999
0.05,0.0309278350515464,0.0309278350515464,0,97,97,9.84970644793372,9.75661247150656,6,2,2999
0.1,0.103092783505155,0.103092783505155,0.0103092783505155,97,97,9.84970644793372,9.75661247150656,6,2,2999
0.01,0,0,0,117,117,4.2683482695904,3.49802736201619,6,3,2004
0.05,0.0170940170940171,0.0170940170940171,0.0256410256410256,117,117,4.2683482695904,3.49802736201619,6,3,2004
0.1,0.0170940170940171,0.0170940170940171,0.0769230769230769,117,117,4.2683482695904,3.49802736201619,6,3,2004
0.01,0.0315789473684211,0.0315789473684211,0,95,95,8.76789992621427,7.35655294460567,6,3,2334
0.05,0.0526315789473684,0.0526315789473684,0,95,95,8.76789992621427,7.35655294460567,6,3,2334
0.1,0.0736842105263158,0.0736842105263158,0.0210526315789474,95,95,8.76789992621427,7.35655294460567,6,3,2334
0.01,0.11340206185567,0.11340206185567,0,97,97,8.40715355582227,7.05407317232195,6,3,2669
0.05,0.206185567010309,0.206185567010309,0.0103092783505155,97,97,8.40715355582227,7.05407317232195,6,3,2669
0.1,0.237113402061856,0.237113402061856,0.0515463917525773,97,97,8.40715355582227,7.05407317232195,6,3,2669
0.01,0.0352941176470588,0.0352941176470588,0,85,85,7.30045020156718,6.33296637065563,6,3,2999
0.05,0.0470588235294118,0.0470588235294118,0.0117647058823529,85,85,7.30045020156718,6.33296637065563,6,3,2999
0.1,0.0705882352941176,0.0705882352941176,0.0470588235294118,85,85,7.30045020156718,6.33296637065563,6,3,2999
0.01,0.00833333333333333,0.00833333333333333,0,120,120,4.25803953261189,3.89265311246478,6,4,2004
0.05,0.0833333333333333,0.0833333333333333,0.0333333333333333,120,120,4.25803953261189,3.89265311246478,6,4,2004
0.1,0.15,0.15,0.05,120,120,4.25803953261189,3.89265311246478,6,4,2004
0.01,0,0,0.00763358778625954,131,131,8.21496416640912,8.05018939764978,6,4,2334
0.05,0.0381679389312977,0.0381679389312977,0.0152671755725191,131,131,8.21496416640912,8.05018939764978,6,4,2334
0.1,0.0687022900763359,0.0687022900763359,0.0534351145038168,131,131,8.21496416640912,8.05018939764978,6,4,2334
0.01,0,0,0,113,113,9.33598653993343,9.87696451517608,6,4,2669
0.05,0,0,0.00884955752212389,113,113,9.33598653993343,9.87696451517608,6,4,2669
0.1,0,0,0.00884955752212389,113,113,9.33598653993343,9.87696451517608,6,4,2669
0.01,0.0588235294117647,0.0588235294117647,0,85,85,10.2699066468002,8.59416773453391,6,4,2999
0.05,0.105882352941176,0.105882352941176,0.0235294117647059,85,85,10.2699066468002,8.59416773453391,6,4,2999
0.1,0.152941176470588,0.152941176470588,0.0705882352941176,85,85,10.2699066468002,8.59416773453391,6,4,2999
0.01,0.0103092783505155,0.0103092783505155,0,97,97,4.92790833535363,4.45279815125326,6,5,2004
0.05,0.0309278350515464,0.0309278350515464,0,97,97,4.92790833535363,4.45279815125326,6,5,2004
0.1,0.0515463917525773,0.0515463917525773,0.0103092783505155,97,97,4.92790833535363,4.45279815125326,6,5,2004
0.01,0.0288461538461538,0.0288461538461538,0,104,104,10.3496650519761,8.90009071289473,6,5,2334
0.05,0.0769230769230769,0.0769230769230769,0.0288461538461538,104,104,10.3496650519761,8.90009071289473,6,5,2334
0.1,0.153846153846154,0.153846153846154,0.0480769230769231,104,104,10.3496650519761,8.90009071289473,6,5,2334
0.01,0.0277777777777778,0.0277777777777778,0.00925925925925926,108,108,10.7117790229598,10.298085765754,6,5,2669
0.05,0.0925925925925926,0.0925925925925926,0.00925925925925926,108,108,10.7117790229598,10.298085765754,6,5,2669
0.1,0.157407407407407,0.157407407407407,0.037037037037037,108,108,10.7117790229598,10.298085765754,6,5,2669
0.01,0.0297029702970297,0.0297029702970297,0.0099009900990099,101,101,10.6778470511594,9.92655256758677,6,5,2999
0.05,0.0495049504950495,0.0495049504950495,0.0099009900990099,101,101,10.6778470511594,9.92655256758677,6,5,2999
0.1,0.118811881188119,0.118811881188119,0.0198019801980198,101,101,10.6778470511594,9.92655256758677,6,5,2999
