Pop	SoC	IoL	MSP	Geneland	Region	Lat	Lon	ID	LFY	WXY	PIST	ADH	RPB2	MS
9	BAJA	NORTH	NORTH	NORTH	NBP	29.01	-113.94	9_10	11	22	11	12	11	11
9	BAJA	NORTH	NORTH	NORTH	NBP	29.01	-113.94	9_2	11	12	11	12	12	11
9	BAJA	NORTH	NORTH	NORTH	NBP	29.01	-113.94	9_4	11	12	13	12	11	11
12	BAJA	NORTH	SOUTH	NORTH	CBP	27.18	-112.67	12_1	12	12	11	11	11	11
12	BAJA	NORTH	SOUTH	NORTH	CBP	27.18	-112.67	12_10	11	22	11	11	11	11
12	BAJA	NORTH	SOUTH	NORTH	CBP	27.18	-112.67	12_3	11	12	11	11	11	11
12	BAJA	NORTH	SOUTH	NORTH	CBP	27.18	-112.67	12_4	11	22	12	11	12	11
12	BAJA	NORTH	SOUTH	NORTH	CBP	27.18	-112.67	12_5	11	11	11	11	12	11
12	BAJA	NORTH	SOUTH	NORTH	CBP	27.18	-112.67	12_6	11	22	12	11	12	11
12	BAJA	NORTH	SOUTH	NORTH	CBP	27.18	-112.67	12_7	11	12	11	11	22	11
12	BAJA	NORTH	SOUTH	NORTH	CBP	27.18	-112.67	12_8	11	11	12	11	22	11
12	BAJA	NORTH	SOUTH	NORTH	CBP	27.18	-112.67	12_9	11	12	11	11	12	11
32	SON	SON	SON	SON	SON	26.64	-109.33	32_12	12	22	11	11	11	11
32	SON	SON	SON	SON	SON	26.64	-109.33	32_15	12	12	13	11	12	11
32	SON	SON	SON	SON	SON	26.64	-109.33	32_16	12	22	11	11	11	11
32	SON	SON	SON	SON	SON	26.64	-109.33	32_17	12	12	13	11	12	11
32	SON	SON	SON	SON	SON	26.64	-109.33	32_18	12	12	13	11	12	11
32	SON	SON	SON	SON	SON	26.64	-109.33	32_20	11	22	11	11	11	11
43	BAJA	SOUTH	SOUTH	SOUTH	SBP	23.08	-110.03	43_1	11	22	11	11	11	11
43	BAJA	SOUTH	SOUTH	SOUTH	SBP	23.08	-110.03	43_2	11	22	11	11	12	11
43	BAJA	SOUTH	SOUTH	SOUTH	SBP	23.08	-110.03	43_7	11	22	11	11	12	11
43	BAJA	SOUTH	SOUTH	SOUTH	SBP	23.08	-110.03	43_8	11	22	11	11	11	11
43	BAJA	SOUTH	SOUTH	SOUTH	SBP	23.08	-110.03	43_9	11	22	11	11	12	11
48	BAJA	SOUTH	SOUTH	SOUTH	SBP	24.21	-110.27	48_1	11	22	11	11	12	11
48	BAJA	SOUTH	SOUTH	SOUTH	SBP	24.21	-110.27	48_10	11	22	11	11	11	11
48	BAJA	SOUTH	SOUTH	SOUTH	SBP	24.21	-110.27	48_2	11	22	11	11	11	11
48	BAJA	SOUTH	SOUTH	SOUTH	SBP	24.21	-110.27	48_3	11	22	11	11	11	11
48	BAJA	SOUTH	SOUTH	SOUTH	SBP	24.21	-110.27	48_4	11	22	11	11	11	12
48	BAJA	SOUTH	SOUTH	SOUTH	SBP	24.21	-110.27	48_6	11	22	11	11	11	11
48	BAJA	SOUTH	SOUTH	SOUTH	SBP	24.21	-110.27	48_8	11	22	11	11	13	11
48	BAJA	SOUTH	SOUTH	SOUTH	SBP	24.21	-110.27	48_9	11	22	11	11	11	11
51	BAJA	NORTH	SOUTH	NORTH	CBP	25.35	-111.6	51_1	11	12	13	11	22	11
51	BAJA	NORTH	SOUTH	NORTH	CBP	25.35	-111.6	51_11	11	22	11	11	11	11
51	BAJA	NORTH	SOUTH	NORTH	CBP	25.35	-111.6	51_2	11	12	11	11	22	11
51	BAJA	NORTH	SOUTH	NORTH	CBP	25.35	-111.6	51_3	11	12	11	11	12	11
51	BAJA	NORTH	SOUTH	NORTH	CBP	25.35	-111.6	51_4	11	12	11	11	12	11
51	BAJA	NORTH	SOUTH	NORTH	CBP	25.35	-111.6	51_5	11	12	11	11	11	11
51	BAJA	NORTH	SOUTH	NORTH	CBP	25.35	-111.6	51_6	11	12	13	11	22	11
51	BAJA	NORTH	SOUTH	NORTH	CBP	25.35	-111.6	51_7	11	12	11	11	12	11
51	BAJA	NORTH	SOUTH	NORTH	CBP	25.35	-111.6	51_8	11	22	11	11	11	11
51	BAJA	NORTH	SOUTH	NORTH	CBP	25.35	-111.6	51_9	11	12	11	11	12	11
58	BAJA	NORTH	SOUTH	NORTH	CBP	26.02	-111.35	58_10	11	11	12	11	12	11
58	BAJA	NORTH	SOUTH	NORTH	CBP	26.02	-111.35	58_2	11	12	11	11	12	11
58	BAJA	NORTH	SOUTH	NORTH	CBP	26.02	-111.35	58_3	11	11		11	12	11
58	BAJA	NORTH	SOUTH	NORTH	CBP	26.02	-111.35	58_4	11	11	11	11	12	11
58	BAJA	NORTH	SOUTH	NORTH	CBP	26.02	-111.35	58_5		12	11	11	12	11
58	BAJA	NORTH	SOUTH	NORTH	CBP	26.02	-111.35	58_6	11	12	12	11	22	11
58	BAJA	NORTH	SOUTH	NORTH	CBP	26.02	-111.35	58_7	11	11	12	11	22	11
58	BAJA	NORTH	SOUTH	NORTH	CBP	26.02	-111.35	58_8	11	12	22	11	12	11
58	BAJA	NORTH	SOUTH	NORTH	CBP	26.02	-111.35	58_9	11	11	13	11	22	11
64	BAJA	NORTH	SOUTH	SOUTH	CBP	25.61	-111.33	64_1	11	11	11	11	11	11
64	BAJA	NORTH	SOUTH	SOUTH	CBP	25.61	-111.33	64_13	12	12	11	11	11	11
64	BAJA	NORTH	SOUTH	SOUTH	CBP	25.61	-111.33	64_2	11	12	11	11	11	12
64	BAJA	NORTH	SOUTH	SOUTH	CBP	25.61	-111.33	64_3	11	12	11	11	11	12
64	BAJA	NORTH	SOUTH	SOUTH	CBP	25.61	-111.33	64_4	11	22	11	11	11	11
73	BAJA	SOUTH	SOUTH	SOUTH	SBP	24.01	-109.85	73_1	12	22	11	11	11	12
73	BAJA	SOUTH	SOUTH	SOUTH	SBP	24.01	-109.85	73_10	12	22	11	11	12	12
73	BAJA	SOUTH	SOUTH	SOUTH	SBP	24.01	-109.85	73_2	11	22	11	11	11	11
73	BAJA	SOUTH	SOUTH	SOUTH	SBP	24.01	-109.85	73_5	12	22	11	11	11	11
73	BAJA	SOUTH	SOUTH	SOUTH	SBP	24.01	-109.85	73_7	11	22	11	11	12	11
73	BAJA	SOUTH	SOUTH	SOUTH	SBP	24.01	-109.85	73_8	12	22	11	11	11	11
73	BAJA	SOUTH	SOUTH	SOUTH	SBP	24.01	-109.85	73_9	12	22	11	11	11	11
75	BAJA	NORTH	SOUTH	SOUTH	CBP	24.59	-110.75	75_18	11	22	11	11	11	11
75	BAJA	NORTH	SOUTH	SOUTH	CBP	24.59	-110.75	75_19	11	12	11	11	11	11
75	BAJA	NORTH	SOUTH	SOUTH	CBP	24.59	-110.75	75_21	11	22	11	11	12	11
75	BAJA	NORTH	SOUTH	SOUTH	CBP	24.59	-110.75	75_22	11	22	11	11	12	11
75	BAJA	NORTH	SOUTH	SOUTH	CBP	24.59	-110.75	75_23	12	12	11	11	12	11
75	BAJA	NORTH	SOUTH	SOUTH	CBP	24.59	-110.75	75_24	11	22	11	11	11	11
75	BAJA	NORTH	SOUTH	SOUTH	CBP	24.59	-110.75	75_25	12	12	11	12	12	11
75	BAJA	NORTH	SOUTH	SOUTH	CBP	24.59	-110.75	75_26	12	12	11	11	11	11
77	BAJA	NORTH	SOUTH	SOUTH	CBP	24.88	-110.69	77_1	12	22	13	11	12	11
77	BAJA	NORTH	SOUTH	SOUTH	CBP	24.88	-110.69	77_10	12	22	13	11	11	11
77	BAJA	NORTH	SOUTH	SOUTH	CBP	24.88	-110.69	77_2	11	12	11	11	12	11
77	BAJA	NORTH	SOUTH	SOUTH	CBP	24.88	-110.69	77_22	12	22	13	11	12	11
77	BAJA	NORTH	SOUTH	SOUTH	CBP	24.88	-110.69	77_3	11	12	11	11	11	12
77	BAJA	NORTH	SOUTH	SOUTH	CBP	24.88	-110.69	77_4	12	22	13	11	11	11
77	BAJA	NORTH	SOUTH	SOUTH	CBP	24.88	-110.69	77_5	11	22	11	11	22	11
77	BAJA	NORTH	SOUTH	SOUTH	CBP	24.88	-110.69	77_6	11	22	11	11	22	11
77	BAJA	NORTH	SOUTH	SOUTH	CBP	24.88	-110.69	77_7	12	12	11	11	12	11
77	BAJA	NORTH	SOUTH	SOUTH	CBP	24.88	-110.69	77_8	12	12	11	11	12	11
77	BAJA	NORTH	SOUTH	SOUTH	CBP	24.88	-110.69	77_9	11	22	11	11	12	11
84	BAJA	NORTH	NORTH	NORTH	NBP	28.97	-113.67	84_1	11	22	12	11	11	11
84	BAJA	NORTH	NORTH	NORTH	NBP	28.97	-113.67	84_10	11	22	12	11	11	11
84	BAJA	NORTH	NORTH	NORTH	NBP	28.97	-113.67	84_2	11	12	22	11	11	11
84	BAJA	NORTH	NORTH	NORTH	NBP	28.97	-113.67	84_3	11	12	12	11	12	11
84	BAJA	NORTH	NORTH	NORTH	NBP	28.97	-113.67	84_4	11	12	11	11	11	11
84	BAJA	NORTH	NORTH	NORTH	NBP	28.97	-113.67	84_5	11	12	22	11	12	11
84	BAJA	NORTH	NORTH	NORTH	NBP	28.97	-113.67	84_6	12	12	22	11	22	11
84	BAJA	NORTH	NORTH	NORTH	NBP	28.97	-113.67	84_7	11	12	12	11	11	11
84	BAJA	NORTH	NORTH	NORTH	NBP	28.97	-113.67	84_8	11	12	11	11	12	11
84	BAJA	NORTH	NORTH	NORTH	NBP	28.97	-113.67	84_9	11	22	22	11	11	11
88	BAJA	NORTH	NORTH	NORTH	NBP	29.33	-114.29	88_1	11	22	13	11	11	11
88	BAJA	NORTH	NORTH	NORTH	NBP	29.33	-114.29	88_10	11	12	11	11	12	11
88	BAJA	NORTH	NORTH	NORTH	NBP	29.33	-114.29	88_2	11	12	13	11	11	11
88	BAJA	NORTH	NORTH	NORTH	NBP	29.33	-114.29	88_3	11	22	11	11	11	11
88	BAJA	NORTH	NORTH	NORTH	NBP	29.33	-114.29	88_4	11	22	22	11	12	11
88	BAJA	NORTH	NORTH	NORTH	NBP	29.33	-114.29	88_5	11	12	33	11	12	11
88	BAJA	NORTH	NORTH	NORTH	NBP	29.33	-114.29	88_6	11	12	11	11	11	11
88	BAJA	NORTH	NORTH	NORTH	NBP	29.33	-114.29	88_7	11	22	11	12	11	11
88	BAJA	NORTH	NORTH	NORTH	NBP	29.33	-114.29	88_8	12	22	12	11	11	11
88	BAJA	NORTH	NORTH	NORTH	NBP	29.33	-114.29	88_9	11	22	11	11	12	11
89	BAJA	NORTH	NORTH	NORTH	NBP	28.04	-113.4	89_21	11	22	11	12	11	11
89	BAJA	NORTH	NORTH	NORTH	NBP	28.04	-113.4	89_22	12	11	11	11	22	11
89	BAJA	NORTH	NORTH	NORTH	NBP	28.04	-113.4	89_23	11	12	11	11	12	11
89	BAJA	NORTH	NORTH	NORTH	NBP	28.04	-113.4	89_24	11	12	13	11	22	11
89	BAJA	NORTH	NORTH	NORTH	NBP	28.04	-113.4	89_25	11	11	11	11	22	11
89	BAJA	NORTH	NORTH	NORTH	NBP	28.04	-113.4	89_26	11	12	12	11	12	11
89	BAJA	NORTH	NORTH	NORTH	NBP	28.04	-113.4	89_27	11	22	11	11	11	11
89	BAJA	NORTH	NORTH	NORTH	NBP	28.04	-113.4	89_28	11	11	11	11	11	11
89	BAJA	NORTH	NORTH	NORTH	NBP	28.04	-113.4	89_29	11	12	11	12	12	11
89	BAJA	NORTH	NORTH	NORTH	NBP	28.04	-113.4	89_30	11	12	12	12	12	11
93	BAJA	NORTH	SOUTH	NORTH	CBP	26.95	-112.05	93_1	11	22	11	11	11	11
93	BAJA	NORTH	SOUTH	NORTH	CBP	26.95	-112.05	93_10	11	22	11	11	12	11
93	BAJA	NORTH	SOUTH	NORTH	CBP	26.95	-112.05	93_2	11	12	11	11	12	11
93	BAJA	NORTH	SOUTH	NORTH	CBP	26.95	-112.05	93_3	11	11	11	11	12	11
93	BAJA	NORTH	SOUTH	NORTH	CBP	26.95	-112.05	93_4	12	12	12	11	11	11
93	BAJA	NORTH	SOUTH	NORTH	CBP	26.95	-112.05	93_5	11	12	11	11	11	11
93	BAJA	NORTH	SOUTH	NORTH	CBP	26.95	-112.05	93_6	11	11	12	11	11	11
93	BAJA	NORTH	SOUTH	NORTH	CBP	26.95	-112.05	93_7	11	22	11	11	11	11
93	BAJA	NORTH	SOUTH	NORTH	CBP	26.95	-112.05	93_8	11	22	11	11	11	11
93	BAJA	NORTH	SOUTH	NORTH	CBP	26.95	-112.05	93_9	11	11	11	11	12	11
98	BAJA	SOUTH	SOUTH	SOUTH	SBP	23.08	-109.65	98_1	11	22	11	11	11	11
98	BAJA	SOUTH	SOUTH	SOUTH	SBP	23.08	-109.65	98_11	11	22	11	11	11	11
98	BAJA	SOUTH	SOUTH	SOUTH	SBP	23.08	-109.65	98_18	11	22	11	11	12	11
98	BAJA	SOUTH	SOUTH	SOUTH	SBP	23.08	-109.65	98_2	11	22	11	11	11	11
98	BAJA	SOUTH	SOUTH	SOUTH	SBP	23.08	-109.65	98_3	11	22	11	11	11	11
98	BAJA	SOUTH	SOUTH	SOUTH	SBP	23.08	-109.65	98_4	11	22	11	11	11	11
98	BAJA	SOUTH	SOUTH	SOUTH	SBP	23.08	-109.65	98_5	11	22	11	11	11	11
98	BAJA	SOUTH	SOUTH	SOUTH	SBP	23.08	-109.65	98_6	11	22	11	11	11	11
98	BAJA	SOUTH	SOUTH	SOUTH	SBP	23.08	-109.65	98_7	11	22	11	11	11	11
98	BAJA	SOUTH	SOUTH	SOUTH	SBP	23.08	-109.65	98_8	11	22	11	11	11	11
98	BAJA	SOUTH	SOUTH	SOUTH	SBP	23.08	-109.65	98_9	11	22	11	11	11	11
101	SON	SON	SON	SON	SON	27.91	-110.57	101_12	11	12	11	11	11	11
101	SON	SON	SON	SON	SON	27.91	-110.57	101_13	12	22	11	11	12	11
101	SON	SON	SON	SON	SON	27.91	-110.57	101_15	11	22	11	11	12	11
101	SON	SON	SON	SON	SON	27.91	-110.57	101_16	12	22	12	11	12	11
101	SON	SON	SON	SON	SON	27.91	-110.57	101_17	12	22	12	11	12	11
101	SON	SON	SON	SON	SON	27.91	-110.57	101_18	11	22	11	11	12	11
101	SON	SON	SON	SON	SON	27.91	-110.57	101_19	12	22	11	11	12	11
101	SON	SON	SON	SON	SON	27.91	-110.57	101_20	11	22	12	11	11	11
101	SON	SON	SON	SON	SON	27.91	-110.57	101_21	22	22	13	11	12	11
102	SON	SON	SON	SON	SON	26.38	-109.13	102_1	11	22	11	11	11	11
102	SON	SON	SON	SON	SON	26.38	-109.13	102_10	12	12	11	11	11	11
102	SON	SON	SON	SON	SON	26.38	-109.13	102_3	22	22	11	11	22	11
102	SON	SON	SON	SON	SON	26.38	-109.13	102_4	22	12	11	11	11	11
102	SON	SON	SON	SON	SON	26.38	-109.13	102_5	12	12	11	11	12	11
102	SON	SON	SON	SON	SON	26.38	-109.13	102_6	12		11	11	12	11
102	SON	SON	SON	SON	SON	26.38	-109.13	102_7	11	12	11	11	12	11
102	SON	SON	SON	SON	SON	26.38	-109.13	102_8	22	22	11	11	12	11
102	SON	SON	SON	SON	SON	26.38	-109.13	102_9	12	12	13	11	12	11
153	BAJA	SOUTH	SOUTH	SOUTH	SBP	24.13	-110.46	153_1	11	22	11	11	12	11
153	BAJA	SOUTH	SOUTH	SOUTH	SBP	24.13	-110.46	153_10	11	22	11	11	11	11
153	BAJA	SOUTH	SOUTH	SOUTH	SBP	24.13	-110.46	153_2	11	22	11	11	12	11
153	BAJA	SOUTH	SOUTH	SOUTH	SBP	24.13	-110.46	153_3	11	22	12	11	11	11
153	BAJA	SOUTH	SOUTH	SOUTH	SBP	24.13	-110.46	153_4	11	12	12	11	11	11
153	BAJA	SOUTH	SOUTH	SOUTH	SBP	24.13	-110.46	153_5	11	22	11	11	12	11
153	BAJA	SOUTH	SOUTH	SOUTH	SBP	24.13	-110.46	153_6	11	11	11	11	11	11
153	BAJA	SOUTH	SOUTH	SOUTH	SBP	24.13	-110.46	153_7	11	22	11	11	11	11
153	BAJA	SOUTH	SOUTH	SOUTH	SBP	24.13	-110.46	153_8	11	22	11	11	11	11
153	BAJA	SOUTH	SOUTH	SOUTH	SBP	24.13	-110.46	153_9	11	22	22	11	12	11
156	BAJA	SOUTH	SOUTH	SOUTH	SBP	24.04	-109.99	156_1	11	22	11	11	11	11
156	BAJA	SOUTH	SOUTH	SOUTH	SBP	24.04	-109.99	156_10	11	22	11	11	11	11
156	BAJA	SOUTH	SOUTH	SOUTH	SBP	24.04	-109.99	156_2	11	22	11	11	12	11
156	BAJA	SOUTH	SOUTH	SOUTH	SBP	24.04	-109.99	156_3	11	22	11	11	11	11
156	BAJA	SOUTH	SOUTH	SOUTH	SBP	24.04	-109.99	156_4	11	22	11	11	11	11
156	BAJA	SOUTH	SOUTH	SOUTH	SBP	24.04	-109.99	156_5	11	22	11	11	11	11
156	BAJA	SOUTH	SOUTH	SOUTH	SBP	24.04	-109.99	156_6	11	22	11	11	22	11
156	BAJA	SOUTH	SOUTH	SOUTH	SBP	24.04	-109.99	156_7		22	11	11	12	11
156	BAJA	SOUTH	SOUTH	SOUTH	SBP	24.04	-109.99	156_8	11	22	11	11	11	11
156	BAJA	SOUTH	SOUTH	SOUTH	SBP	24.04	-109.99	156_9	11	22	11	11	12	12
157	BAJA	SOUTH	SOUTH	SOUTH	SBP	24.02	-110.1	157_1	11	22	11	11	11	11
157	BAJA	SOUTH	SOUTH	SOUTH	SBP	24.02	-110.1	157_10	11	22	11	11	11	11
157	BAJA	SOUTH	SOUTH	SOUTH	SBP	24.02	-110.1	157_2	11	22	11	11	11	11
157	BAJA	SOUTH	SOUTH	SOUTH	SBP	24.02	-110.1	157_3	11	22	11	11	11	11
157	BAJA	SOUTH	SOUTH	SOUTH	SBP	24.02	-110.1	157_4	12	22	11	11	11	11
157	BAJA	SOUTH	SOUTH	SOUTH	SBP	24.02	-110.1	157_5	11	22	11	11	11	11
157	BAJA	SOUTH	SOUTH	SOUTH	SBP	24.02	-110.1	157_6	11	22	11	11	12	11
157	BAJA	SOUTH	SOUTH	SOUTH	SBP	24.02	-110.1	157_7	12	22	11	11	11	11
157	BAJA	SOUTH	SOUTH	SOUTH	SBP	24.02	-110.1	157_8	11	22	11	11	12	11
157	BAJA	SOUTH	SOUTH	SOUTH	SBP	24.02	-110.1	157_9	11	22	11	11	11	11
159	BAJA	NORTH	NORTH	NORTH	NBP	27.53	-113.32	159_1	11	12	11	11	11	11
159	BAJA	NORTH	NORTH	NORTH	NBP	27.53	-113.32	159_10	11	22	11	11	11	11
159	BAJA	NORTH	NORTH	NORTH	NBP	27.53	-113.32	159_2	11	22	11	11	11	11
159	BAJA	NORTH	NORTH	NORTH	NBP	27.53	-113.32	159_3	11	22	11	11	11	11
159	BAJA	NORTH	NORTH	NORTH	NBP	27.53	-113.32	159_4	11	12	13	11	12	11
159	BAJA	NORTH	NORTH	NORTH	NBP	27.53	-113.32	159_5	11	12	11	11	12	11
159	BAJA	NORTH	NORTH	NORTH	NBP	27.53	-113.32	159_6	11	22	11	11	11	11
159	BAJA	NORTH	NORTH	NORTH	NBP	27.53	-113.32	159_7	12	22	11	11	22	11
159	BAJA	NORTH	NORTH	NORTH	NBP	27.53	-113.32	159_8	11	22	11	11	11	11
159	BAJA	NORTH	NORTH	NORTH	NBP	27.53	-113.32	159_9	11	12	11	11	12	11
160	BAJA	NORTH	SOUTH	NORTH	CBP	27.4	-112.53	160_1	12	12	11	11	12	11
160	BAJA	NORTH	SOUTH	NORTH	CBP	27.4	-112.53	160_10	11	12	11	11	22	11
160	BAJA	NORTH	SOUTH	NORTH	CBP	27.4	-112.53	160_2	12	22	11	11	12	11
160	BAJA	NORTH	SOUTH	NORTH	CBP	27.4	-112.53	160_3	11	12	11	11	22	11
160	BAJA	NORTH	SOUTH	NORTH	CBP	27.4	-112.53	160_4	11	12	11	11	11	11
160	BAJA	NORTH	SOUTH	NORTH	CBP	27.4	-112.53	160_5	11	12	22	11	12	11
160	BAJA	NORTH	SOUTH	NORTH	CBP	27.4	-112.53	160_6	11	12	11	11	11	11
160	BAJA	NORTH	SOUTH	NORTH	CBP	27.4	-112.53	160_7	11	22	22	11	11	11
160	BAJA	NORTH	SOUTH	NORTH	CBP	27.4	-112.53	160_8	11	22	11	11	11	11
160	BAJA	NORTH	SOUTH	NORTH	CBP	27.4	-112.53	160_9	11	11	11	11	12	11
161	BAJA	NORTH	SOUTH	NORTH	CBP	27.04	-112.99	161_1	11	11	11	11	12	11
161	BAJA	NORTH	SOUTH	NORTH	CBP	27.04	-112.99	161_10	11	22	11	11	12	11
161	BAJA	NORTH	SOUTH	NORTH	CBP	27.04	-112.99	161_2	11	12	11	11	11	11
161	BAJA	NORTH	SOUTH	NORTH	CBP	27.04	-112.99	161_3	11	22	11	11	22	11
161	BAJA	NORTH	SOUTH	NORTH	CBP	27.04	-112.99	161_4	12	12	11	11	12	11
161	BAJA	NORTH	SOUTH	NORTH	CBP	27.04	-112.99	161_5	11	22	11	11	11	11
161	BAJA	NORTH	SOUTH	NORTH	CBP	27.04	-112.99	161_6	12	12	11	11	22	11
161	BAJA	NORTH	SOUTH	NORTH	CBP	27.04	-112.99	161_7	11	12	22	11	11	11
161	BAJA	NORTH	SOUTH	NORTH	CBP	27.04	-112.99	161_8	11	22	11	11	12	11
161	BAJA	NORTH	SOUTH	NORTH	CBP	27.04	-112.99	161_9	11	12	13	11	11	11
162	BAJA	NORTH	SOUTH	NORTH	CBP	27.2	-112.41	162_13	11	12	11	11	11	11
162	BAJA	NORTH	SOUTH	NORTH	CBP	27.2	-112.41	162_14	11	22	11	11	22	11
162	BAJA	NORTH	SOUTH	NORTH	CBP	27.2	-112.41	162_15	11	12	13	11	12	11
162	BAJA	NORTH	SOUTH	NORTH	CBP	27.2	-112.41	162_16	11	22	11	11	11	11
162	BAJA	NORTH	SOUTH	NORTH	CBP	27.2	-112.41	162_17	11	12	13	11	11	11
162	BAJA	NORTH	SOUTH	NORTH	CBP	27.2	-112.41	162_18	11	22	11	11	11	11
162	BAJA	NORTH	SOUTH	NORTH	CBP	27.2	-112.41	162_19	11	12	11	12	22	11
162	BAJA	NORTH	SOUTH	NORTH	CBP	27.2	-112.41	162_20	11	22	12	11	12	11
162	BAJA	NORTH	SOUTH	NORTH	CBP	27.2	-112.41	162_21	11	12	11	11	11	11
162	BAJA	NORTH	SOUTH	NORTH	CBP	27.2	-112.41	162_22	11	11	11	11	12	11
163	BAJA	NORTH	SOUTH	SOUTH	CBP	24.21	-110.95	163_15	11	12	11	11	11	11
163	BAJA	NORTH	SOUTH	SOUTH	CBP	24.21	-110.95	163_16	22	11	11	11	11	11
163	BAJA	NORTH	SOUTH	SOUTH	CBP	24.21	-110.95	163_17	11	11	11	11	11	11
163	BAJA	NORTH	SOUTH	SOUTH	CBP	24.21	-110.95	163_18	12	12	11	11	12	11
163	BAJA	NORTH	SOUTH	SOUTH	CBP	24.21	-110.95	163_19	12	22	11	11	12	11
163	BAJA	NORTH	SOUTH	SOUTH	CBP	24.21	-110.95	163_20	12	22	11	11	12	11
163	BAJA	NORTH	SOUTH	SOUTH	CBP	24.21	-110.95	163_21	11	22	11	11	11	11
163	BAJA	NORTH	SOUTH	SOUTH	CBP	24.21	-110.95	163_22	12	22	11	11	12	11
163	BAJA	NORTH	SOUTH	SOUTH	CBP	24.21	-110.95	163_23	12	11	11	11	11	11
163	BAJA	NORTH	SOUTH	SOUTH	CBP	24.21	-110.95	163_24	11	12	11	11	11	11
164	BAJA	NORTH	SOUTH	SOUTH	CBP	24.75	-111.54	164_1	12	22	11	11	11	11
164	BAJA	NORTH	SOUTH	SOUTH	CBP	24.75	-111.54	164_10	11	12	11	11	11	11
164	BAJA	NORTH	SOUTH	SOUTH	CBP	24.75	-111.54	164_2	11	12	11	11	12	11
164	BAJA	NORTH	SOUTH	SOUTH	CBP	24.75	-111.54	164_3	11	22	11	11	12	11
164	BAJA	NORTH	SOUTH	SOUTH	CBP	24.75	-111.54	164_4	11	12	11	11	11	11
164	BAJA	NORTH	SOUTH	SOUTH	CBP	24.75	-111.54	164_5	12	12	13	11	11	11
164	BAJA	NORTH	SOUTH	SOUTH	CBP	24.75	-111.54	164_6	11	12	11	11	11	11
164	BAJA	NORTH	SOUTH	SOUTH	CBP	24.75	-111.54	164_7	11	22	11	11	12	11
164	BAJA	NORTH	SOUTH	SOUTH	CBP	24.75	-111.54	164_8	11	22	11	11	11	11
164	BAJA	NORTH	SOUTH	SOUTH	CBP	24.75	-111.54	164_9	11	22	11	11	11	11
165	BAJA	NORTH	SOUTH	NORTH	CBP	26.25	-112.41	165_15	11	12	11	11	12	11
165	BAJA	NORTH	SOUTH	NORTH	CBP	26.25	-112.41	165_16	11	22	11	11	12	11
165	BAJA	NORTH	SOUTH	NORTH	CBP	26.25	-112.41	165_17	11	12	11	11	12	11
165	BAJA	NORTH	SOUTH	NORTH	CBP	26.25	-112.41	165_20	11	22	11	11	12	11
165	BAJA	NORTH	SOUTH	NORTH	CBP	26.25	-112.41	165_21	11	12	12	11	11	11
165	BAJA	NORTH	SOUTH	NORTH	CBP	26.25	-112.41	165_22	11	22	13	11	12	11
165	BAJA	NORTH	SOUTH	NORTH	CBP	26.25	-112.41	165_23	11	12	12	11	12	11
165	BAJA	NORTH	SOUTH	NORTH	CBP	26.25	-112.41	165_24	11	12	11	11	11	11
165	BAJA	NORTH	SOUTH	NORTH	CBP	26.25	-112.41	165_25	11	12	11	11	11	11
166	BAJA	NORTH	SOUTH	SOUTH	CBP	25.91	-112.08	166_13	11	22	11	11	11	11
166	BAJA	NORTH	SOUTH	SOUTH	CBP	25.91	-112.08	166_14	11	22	11	11	11	11
166	BAJA	NORTH	SOUTH	SOUTH	CBP	25.91	-112.08	166_15	11	12	11	11	11	11
166	BAJA	NORTH	SOUTH	SOUTH	CBP	25.91	-112.08	166_16	11	22	11	11	11	11
166	BAJA	NORTH	SOUTH	SOUTH	CBP	25.91	-112.08	166_17	12	12	11	11	12	11
166	BAJA	NORTH	SOUTH	SOUTH	CBP	25.91	-112.08	166_18	12	22	11	11	12	11
166	BAJA	NORTH	SOUTH	SOUTH	CBP	25.91	-112.08	166_19	11	12	11	11	11	12
166	BAJA	NORTH	SOUTH	SOUTH	CBP	25.91	-112.08	166_20	11	22	13	11	11	11
166	BAJA	NORTH	SOUTH	SOUTH	CBP	25.91	-112.08	166_21	11	22	11	11	11	11
166	BAJA	NORTH	SOUTH	SOUTH	CBP	25.91	-112.08	166_22	11	12	11	11	11	11
168	BAJA	NORTH	SOUTH	SOUTH	CBP	25.56	-111.22	168_1	11	22	11	11	12	11
168	BAJA	NORTH	SOUTH	SOUTH	CBP	25.56	-111.22	168_10	11	12	11	11	11	11
168	BAJA	NORTH	SOUTH	SOUTH	CBP	25.56	-111.22	168_2	11	22	11	11	11	11
168	BAJA	NORTH	SOUTH	SOUTH	CBP	25.56	-111.22	168_3	11	12	11	11	11	11
168	BAJA	NORTH	SOUTH	SOUTH	CBP	25.56	-111.22	168_4	11	22	11	11	12	11
168	BAJA	NORTH	SOUTH	SOUTH	CBP	25.56	-111.22	168_5	11	22	11	11	22	11
168	BAJA	NORTH	SOUTH	SOUTH	CBP	25.56	-111.22	168_6	11	22	11	11	11	11
168	BAJA	NORTH	SOUTH	SOUTH	CBP	25.56	-111.22	168_7	11	12	11	11	12	11
168	BAJA	NORTH	SOUTH	SOUTH	CBP	25.56	-111.22	168_8	11	12	11	11	12	11
168	BAJA	NORTH	SOUTH	SOUTH	CBP	25.56	-111.22	168_9	11	22	11	11	12	11
169	BAJA	NORTH	SOUTH	NORTH	CBP	26.21	-111.38	169_1	11	22	11	11	22	11
169	BAJA	NORTH	SOUTH	NORTH	CBP	26.21	-111.38	169_10	11	12	11	11	11	11
169	BAJA	NORTH	SOUTH	NORTH	CBP	26.21	-111.38	169_2	11	22	11	11	11	11
169	BAJA	NORTH	SOUTH	NORTH	CBP	26.21	-111.38	169_3	11	11	11	11	11	11
169	BAJA	NORTH	SOUTH	NORTH	CBP	26.21	-111.38	169_4	11	12	11	11	11	11
169	BAJA	NORTH	SOUTH	NORTH	CBP	26.21	-111.38	169_5	11	12	12	11	12	11
169	BAJA	NORTH	SOUTH	NORTH	CBP	26.21	-111.38	169_6	11	12	11	11	11	11
169	BAJA	NORTH	SOUTH	NORTH	CBP	26.21	-111.38	169_7	11	11	11	11	11	11
169	BAJA	NORTH	SOUTH	NORTH	CBP	26.21	-111.38	169_8	11	22	11	11	11	11
169	BAJA	NORTH	SOUTH	NORTH	CBP	26.21	-111.38	169_9	11	22	12	11	11	11
171	BAJA	NORTH	NORTH	NORTH	NBP	28.22	-113.18	171_1	12	22	11	11	11	11
171	BAJA	NORTH	NORTH	NORTH	NBP	28.22	-113.18	171_10	11	11	11	11	12	11
171	BAJA	NORTH	NORTH	NORTH	NBP	28.22	-113.18	171_2	11	12	11	12	12	11
171	BAJA	NORTH	NORTH	NORTH	NBP	28.22	-113.18	171_3	11	12	11	11	11	11
171	BAJA	NORTH	NORTH	NORTH	NBP	28.22	-113.18	171_4	11	22	11	11	22	11
171	BAJA	NORTH	NORTH	NORTH	NBP	28.22	-113.18	171_5	11	22	11	12	12	11
171	BAJA	NORTH	NORTH	NORTH	NBP	28.22	-113.18	171_6	11	12	11	12	11	11
171	BAJA	NORTH	NORTH	NORTH	NBP	28.22	-113.18	171_7	12	12	11	11	11	11
171	BAJA	NORTH	NORTH	NORTH	NBP	28.22	-113.18	171_8	12	11	11	12	12	11
171	BAJA	NORTH	NORTH	NORTH	NBP	28.22	-113.18	171_9	11	22	11	11	12	11
173	BAJA	NORTH	NORTH	NORTH	NBP	28.41	-112.87	173_1	11	12	12	11	12	11
173	BAJA	NORTH	NORTH	NORTH	NBP	28.41	-112.87	173_10	11	12		11	12	11
173	BAJA	NORTH	NORTH	NORTH	NBP	28.41	-112.87	173_2	11	22	11	11	12	11
173	BAJA	NORTH	NORTH	NORTH	NBP	28.41	-112.87	173_3	12	22	13	11	12	11
173	BAJA	NORTH	NORTH	NORTH	NBP	28.41	-112.87	173_4	11	12	12	11	11	11
173	BAJA	NORTH	NORTH	NORTH	NBP	28.41	-112.87	173_5	11	11	11	11	11	11
173	BAJA	NORTH	NORTH	NORTH	NBP	28.41	-112.87	173_6	11	22	11	11	12	11
173	BAJA	NORTH	NORTH	NORTH	NBP	28.41	-112.87	173_7	11	22	11	11	12	11
173	BAJA	NORTH	NORTH	NORTH	NBP	28.41	-112.87	173_8	11	22	11	11	11	11
173	BAJA	NORTH	NORTH	NORTH	NBP	28.41	-112.87	173_9	12	22	11	11	11	11
175	BAJA	NORTH	NORTH	NORTH	NBP	28.73	-113.49	175_1	11	22	12	11	12	11
175	BAJA	NORTH	NORTH	NORTH	NBP	28.73	-113.49	175_10	11	22	12	11	12	11
175	BAJA	NORTH	NORTH	NORTH	NBP	28.73	-113.49	175_2	11	12	11	11	11	11
175	BAJA	NORTH	NORTH	NORTH	NBP	28.73	-113.49	175_3	11	12	11	11	12	11
175	BAJA	NORTH	NORTH	NORTH	NBP	28.73	-113.49	175_4	11	22	13	11	11	11
175	BAJA	NORTH	NORTH	NORTH	NBP	28.73	-113.49	175_5	11	11	12	11	12	11
175	BAJA	NORTH	NORTH	NORTH	NBP	28.73	-113.49	175_6	11	12	11	11	12	11
175	BAJA	NORTH	NORTH	NORTH	NBP	28.73	-113.49	175_7	11	22	11	12	22	11
175	BAJA	NORTH	NORTH	NORTH	NBP	28.73	-113.49	175_8	11	22	11	12	12	11
175	BAJA	NORTH	NORTH	NORTH	NBP	28.73	-113.49	175_9	11	11	12	11	12	11
177	BAJA	NORTH	NORTH	NORTH	NBP	28.66	-113.99	177_1	11	22	33	11	11	11
177	BAJA	NORTH	NORTH	NORTH	NBP	28.66	-113.99	177_10	11	11	11	11	11	11
177	BAJA	NORTH	NORTH	NORTH	NBP	28.66	-113.99	177_2	11	12	11	11	11	11
177	BAJA	NORTH	NORTH	NORTH	NBP	28.66	-113.99	177_3	11	12	11	12	11	11
177	BAJA	NORTH	NORTH	NORTH	NBP	28.66	-113.99	177_4	11	12		12	12	11
177	BAJA	NORTH	NORTH	NORTH	NBP	28.66	-113.99	177_5	11	22	11	12	12	11
177	BAJA	NORTH	NORTH	NORTH	NBP	28.66	-113.99	177_6	11	11	12	12	11	11
177	BAJA	NORTH	NORTH	NORTH	NBP	28.66	-113.99	177_7	11	11	12	12	12	11
177	BAJA	NORTH	NORTH	NORTH	NBP	28.66	-113.99	177_8	11	22	33	11	11	11
177	BAJA	NORTH	NORTH	NORTH	NBP	28.66	-113.99	177_9	11	12	11	12	12	11
Aqu	BAJA	SOUTH	SOUTH	SOUTH	SBP	23.29	-110.1	Aqu1	11	22	11	11	12	11
Aqu	BAJA	SOUTH	SOUTH	SOUTH	SBP	23.29	-110.1	Aqu10	11	22	11	11	22	11
Aqu	BAJA	SOUTH	SOUTH	SOUTH	SBP	23.29	-110.1	Aqu2	11	22	11	11	12	11
Aqu	BAJA	SOUTH	SOUTH	SOUTH	SBP	23.29	-110.1	Aqu3	11	22	11	11	11	11
Aqu	BAJA	SOUTH	SOUTH	SOUTH	SBP	23.29	-110.1	Aqu4	11	22	11	11	11	11
Aqu	BAJA	SOUTH	SOUTH	SOUTH	SBP	23.29	-110.1	Aqu5	11	22	11	11	11	11
Aqu	BAJA	SOUTH	SOUTH	SOUTH	SBP	23.29	-110.1	Aqu6	11	22	11	11	12	11
Aqu	BAJA	SOUTH	SOUTH	SOUTH	SBP	23.29	-110.1	Aqu7	11	22	11	11	11	11
Aqu	BAJA	SOUTH	SOUTH	SOUTH	SBP	23.29	-110.1	Aqu8	11	22	11	11	12	11
Aqu	BAJA	SOUTH	SOUTH	SOUTH	SBP	23.29	-110.1	Aqu9	11	22	11	11	12	11
Const	BAJA	NORTH	SOUTH	NORTH	CBP	25.02	-111.68	Const1	11	22	11	11	12	11
Const	BAJA	NORTH	SOUTH	NORTH	CBP	25.02	-111.68	Const2	12	12	11	11	11	11
Const	BAJA	NORTH	SOUTH	NORTH	CBP	25.02	-111.68	Const3	11	22	11	11	12	11
Const	BAJA	NORTH	SOUTH	NORTH	CBP	25.02	-111.68	Const4	11	11	11	11	12	11
Const	BAJA	NORTH	SOUTH	NORTH	CBP	25.02	-111.68	Const5	11	12	11	11	12	11
Const	BAJA	NORTH	SOUTH	NORTH	CBP	25.02	-111.68	Const6	11	11		12	12	
ESan	BAJA	SOUTH	SOUTH	SOUTH	SBP	24.46	-110.37	ESan10	12	11	11	11	12	11
ESan	BAJA	SOUTH	SOUTH	SOUTH	SBP	24.46	-110.37	ESan11	11	22	11	11	11	11
ESan	BAJA	SOUTH	SOUTH	SOUTH	SBP	24.46	-110.37	ESan12	11	22	11	11	11	11
ESan	BAJA	SOUTH	SOUTH	SOUTH	SBP	24.46	-110.37	ESan13	12	11	11	11	12	11
ESan	BAJA	SOUTH	SOUTH	SOUTH	SBP	24.46	-110.37	ESan14	11	22	11	11	11	11
ESan	BAJA	SOUTH	SOUTH	SOUTH	SBP	24.46	-110.37	ESan15	11	22	11	11	11	11
ESan	BAJA	SOUTH	SOUTH	SOUTH	SBP	24.46	-110.37	ESan16	11	22	11	11	11	11
ESan	BAJA	SOUTH	SOUTH	SOUTH	SBP	24.46	-110.37	ESan17	11	22	11	11	11	11
ESan	BAJA	SOUTH	SOUTH	SOUTH	SBP	24.46	-110.37	ESan8	11	22	11	11	11	11
ESan	BAJA	SOUTH	SOUTH	SOUTH	SBP	24.46	-110.37	ESan9	11	12	11	11	12	11
SFran	BAJA	NORTH	NORTH	NORTH	NBP	27.36	-112.96	SanFran1	12	22	11	11	11	11
SFran	BAJA	NORTH	NORTH	NORTH	NBP	27.36	-112.96	SanFran2	11	12	11	11	12	11
SFran	BAJA	NORTH	NORTH	NORTH	NBP	27.36	-112.96	SanFran3	12	12	11	11	22	11
SFran	BAJA	NORTH	NORTH	NORTH	NBP	27.36	-112.96	SanFran4	11	12	11	11	12	11
SFran	BAJA	NORTH	NORTH	NORTH	NBP	27.36	-112.96	SanFran5		11	11	11	12	11
SFran	BAJA	NORTH	NORTH	NORTH	NBP	27.36	-112.96	SanFran6	22	22	11	11	22	11
