Lineage,Scenario,Phase,Generations
1,Symmetric,Ascent,0
1,Symmetric,Plateau,1000
1,Symmetric,Decay,0
2,Symmetric,Ascent,0
2,Symmetric,Plateau,1000
2,Symmetric,Decay,0
3,Symmetric,Ascent,0
3,Symmetric,Plateau,1000
3,Symmetric,Decay,0
4,Symmetric,Ascent,0
4,Symmetric,Plateau,1000
4,Symmetric,Decay,0
5,Symmetric,Ascent,0
5,Symmetric,Plateau,1000
5,Symmetric,Decay,0
6,Symmetric,Ascent,0
6,Symmetric,Plateau,1000
6,Symmetric,Decay,0
7,Symmetric,Ascent,0
7,Symmetric,Plateau,1000
7,Symmetric,Decay,0
8,Symmetric,Ascent,0
8,Symmetric,Plateau,1000
8,Symmetric,Decay,0
9,Symmetric,Ascent,0
9,Symmetric,Plateau,1000
9,Symmetric,Decay,0
10,Symmetric,Ascent,0
10,Symmetric,Plateau,1000
10,Symmetric,Decay,0
11,Symmetric,Ascent,0
11,Symmetric,Plateau,1000
11,Symmetric,Decay,0
12,Symmetric,Ascent,0
12,Symmetric,Plateau,1000
12,Symmetric,Decay,0
13,Symmetric,Ascent,0
13,Symmetric,Plateau,1000
13,Symmetric,Decay,0
14,Symmetric,Ascent,0
14,Symmetric,Plateau,1000
14,Symmetric,Decay,0
15,Symmetric,Ascent,0
15,Symmetric,Plateau,1000
15,Symmetric,Decay,0
16,Symmetric,Ascent,0
16,Symmetric,Plateau,1000
16,Symmetric,Decay,0
17,Symmetric,Ascent,0
17,Symmetric,Plateau,1000
17,Symmetric,Decay,0
18,Symmetric,Ascent,0
18,Symmetric,Plateau,1000
18,Symmetric,Decay,0
19,Symmetric,Ascent,0
19,Symmetric,Plateau,1000
19,Symmetric,Decay,0
20,Symmetric,Ascent,0
20,Symmetric,Plateau,1000
20,Symmetric,Decay,0
21,Symmetric,Ascent,0
21,Symmetric,Plateau,1000
21,Symmetric,Decay,0
22,Symmetric,Ascent,0
22,Symmetric,Plateau,1000
22,Symmetric,Decay,0
23,Symmetric,Ascent,0
23,Symmetric,Plateau,1000
23,Symmetric,Decay,0
24,Symmetric,Ascent,0
24,Symmetric,Plateau,1000
24,Symmetric,Decay,0
25,Symmetric,Ascent,0
25,Symmetric,Plateau,1000
25,Symmetric,Decay,0
26,Symmetric,Ascent,0
26,Symmetric,Plateau,1000
26,Symmetric,Decay,0
27,Symmetric,Ascent,0
27,Symmetric,Plateau,1000
27,Symmetric,Decay,0
28,Symmetric,Ascent,0
28,Symmetric,Plateau,1000
28,Symmetric,Decay,0
29,Symmetric,Ascent,0
29,Symmetric,Plateau,1000
29,Symmetric,Decay,0
30,Symmetric,Ascent,0
30,Symmetric,Plateau,1000
30,Symmetric,Decay,0
31,Symmetric,Ascent,0
31,Symmetric,Plateau,1000
31,Symmetric,Decay,0
32,Symmetric,Ascent,0
32,Symmetric,Plateau,1000
32,Symmetric,Decay,0
33,Symmetric,Ascent,0
33,Symmetric,Plateau,1000
33,Symmetric,Decay,0
34,Symmetric,Ascent,0
34,Symmetric,Plateau,1000
34,Symmetric,Decay,0
35,Symmetric,Ascent,0
35,Symmetric,Plateau,1000
35,Symmetric,Decay,0
36,Symmetric,Ascent,0
36,Symmetric,Plateau,1000
36,Symmetric,Decay,0
37,Symmetric,Ascent,0
37,Symmetric,Plateau,1000
37,Symmetric,Decay,0
38,Symmetric,Ascent,0
38,Symmetric,Plateau,1000
38,Symmetric,Decay,0
39,Symmetric,Ascent,0
39,Symmetric,Plateau,1000
39,Symmetric,Decay,0
40,Symmetric,Ascent,0
40,Symmetric,Plateau,1000
40,Symmetric,Decay,0
41,Symmetric,Ascent,0
41,Symmetric,Plateau,1000
41,Symmetric,Decay,0
42,Symmetric,Ascent,0
42,Symmetric,Plateau,1000
42,Symmetric,Decay,0
43,Symmetric,Ascent,0
43,Symmetric,Plateau,1000
43,Symmetric,Decay,0
44,Symmetric,Ascent,0
44,Symmetric,Plateau,1000
44,Symmetric,Decay,0
45,Symmetric,Ascent,0
45,Symmetric,Plateau,1000
45,Symmetric,Decay,0
46,Symmetric,Ascent,0
46,Symmetric,Plateau,1000
46,Symmetric,Decay,0
47,Symmetric,Ascent,0
47,Symmetric,Plateau,1000
47,Symmetric,Decay,0
48,Symmetric,Ascent,0
48,Symmetric,Plateau,1000
48,Symmetric,Decay,0
49,Symmetric,Ascent,0
49,Symmetric,Plateau,1000
49,Symmetric,Decay,0
50,Symmetric,Ascent,0
50,Symmetric,Plateau,1000
50,Symmetric,Decay,0
1,Redistributed,Ascent,474
1,Redistributed,Plateau,175
1,Redistributed,Decay,351
2,Redistributed,Ascent,364
2,Redistributed,Plateau,365
2,Redistributed,Decay,271
3,Redistributed,Ascent,459
3,Redistributed,Plateau,250
3,Redistributed,Decay,291
4,Redistributed,Ascent,354
4,Redistributed,Plateau,280
4,Redistributed,Decay,366
5,Redistributed,Ascent,279
5,Redistributed,Plateau,380
5,Redistributed,Decay,341
6,Redistributed,Ascent,529
6,Redistributed,Plateau,200
6,Redistributed,Decay,271
7,Redistributed,Ascent,329
7,Redistributed,Plateau,320
7,Redistributed,Decay,351
8,Redistributed,Ascent,374
8,Redistributed,Plateau,325
8,Redistributed,Decay,301
9,Redistributed,Ascent,239
9,Redistributed,Plateau,530
9,Redistributed,Decay,231
10,Redistributed,Ascent,274
10,Redistributed,Plateau,305
10,Redistributed,Decay,421
11,Redistributed,Ascent,194
11,Redistributed,Plateau,495
11,Redistributed,Decay,311
12,Redistributed,Ascent,364
12,Redistributed,Plateau,290
12,Redistributed,Decay,346
13,Redistributed,Ascent,199
13,Redistributed,Plateau,400
13,Redistributed,Decay,401
14,Redistributed,Ascent,299
14,Redistributed,Plateau,315
14,Redistributed,Decay,386
15,Redistributed,Ascent,209
15,Redistributed,Plateau,600
15,Redistributed,Decay,191
16,Redistributed,Ascent,344
16,Redistributed,Plateau,520
16,Redistributed,Decay,136
17,Redistributed,Ascent,409
17,Redistributed,Plateau,365
17,Redistributed,Decay,226
18,Redistributed,Ascent,294
18,Redistributed,Plateau,325
18,Redistributed,Decay,381
19,Redistributed,Ascent,99
19,Redistributed,Plateau,535
19,Redistributed,Decay,366
20,Redistributed,Ascent,359
20,Redistributed,Plateau,410
20,Redistributed,Decay,231
21,Redistributed,Ascent,254
21,Redistributed,Plateau,245
21,Redistributed,Decay,501
22,Redistributed,Ascent,199
22,Redistributed,Plateau,475
22,Redistributed,Decay,326
23,Redistributed,Ascent,359
23,Redistributed,Plateau,235
23,Redistributed,Decay,406
24,Redistributed,Ascent,309
24,Redistributed,Plateau,430
24,Redistributed,Decay,261
25,Redistributed,Ascent,294
25,Redistributed,Plateau,205
25,Redistributed,Decay,501
26,Redistributed,Ascent,409
26,Redistributed,Plateau,420
26,Redistributed,Decay,171
27,Redistributed,Ascent,244
27,Redistributed,Plateau,325
27,Redistributed,Decay,431
28,Redistributed,Ascent,309
28,Redistributed,Plateau,465
28,Redistributed,Decay,226
29,Redistributed,Ascent,269
29,Redistributed,Plateau,395
29,Redistributed,Decay,336
30,Redistributed,Ascent,334
30,Redistributed,Plateau,245
30,Redistributed,Decay,421
31,Redistributed,Ascent,289
31,Redistributed,Plateau,365
31,Redistributed,Decay,346
32,Redistributed,Ascent,244
32,Redistributed,Plateau,480
32,Redistributed,Decay,276
33,Redistributed,Ascent,104
33,Redistributed,Plateau,545
33,Redistributed,Decay,351
34,Redistributed,Ascent,254
34,Redistributed,Plateau,320
34,Redistributed,Decay,426
35,Redistributed,Ascent,459
35,Redistributed,Plateau,250
35,Redistributed,Decay,291
36,Redistributed,Ascent,484
36,Redistributed,Plateau,320
36,Redistributed,Decay,196
37,Redistributed,Ascent,154
37,Redistributed,Plateau,480
37,Redistributed,Decay,366
38,Redistributed,Ascent,299
38,Redistributed,Plateau,455
38,Redistributed,Decay,246
39,Redistributed,Ascent,264
39,Redistributed,Plateau,375
39,Redistributed,Decay,361
40,Redistributed,Ascent,449
40,Redistributed,Plateau,325
40,Redistributed,Decay,226
41,Redistributed,Ascent,404
41,Redistributed,Plateau,230
41,Redistributed,Decay,366
42,Redistributed,Ascent,349
42,Redistributed,Plateau,250
42,Redistributed,Decay,401
43,Redistributed,Ascent,424
43,Redistributed,Plateau,250
43,Redistributed,Decay,326
44,Redistributed,Ascent,319
44,Redistributed,Plateau,360
44,Redistributed,Decay,321
45,Redistributed,Ascent,329
45,Redistributed,Plateau,180
45,Redistributed,Decay,491
46,Redistributed,Ascent,264
46,Redistributed,Plateau,510
46,Redistributed,Decay,226
47,Redistributed,Ascent,439
47,Redistributed,Plateau,345
47,Redistributed,Decay,216
48,Redistributed,Ascent,394
48,Redistributed,Plateau,425
48,Redistributed,Decay,181
49,Redistributed,Ascent,539
49,Redistributed,Plateau,190
49,Redistributed,Decay,271
50,Redistributed,Ascent,499
50,Redistributed,Plateau,315
50,Redistributed,Decay,186
1,Obstructed,Ascent,974
1,Obstructed,Plateau,26
1,Obstructed,Decay,0
2,Obstructed,Ascent,844
2,Obstructed,Plateau,156
2,Obstructed,Decay,0
3,Obstructed,Ascent,474
3,Obstructed,Plateau,425
3,Obstructed,Decay,101
4,Obstructed,Ascent,344
4,Obstructed,Plateau,656
4,Obstructed,Decay,0
5,Obstructed,Ascent,514
5,Obstructed,Plateau,486
5,Obstructed,Decay,0
6,Obstructed,Ascent,524
6,Obstructed,Plateau,476
6,Obstructed,Decay,0
7,Obstructed,Ascent,544
7,Obstructed,Plateau,400
7,Obstructed,Decay,56
8,Obstructed,Ascent,639
8,Obstructed,Plateau,361
8,Obstructed,Decay,0
9,Obstructed,Ascent,329
9,Obstructed,Plateau,671
9,Obstructed,Decay,0
10,Obstructed,Ascent,384
10,Obstructed,Plateau,555
10,Obstructed,Decay,61
11,Obstructed,Ascent,774
11,Obstructed,Plateau,195
11,Obstructed,Decay,31
12,Obstructed,Ascent,939
12,Obstructed,Plateau,61
12,Obstructed,Decay,0
13,Obstructed,Ascent,424
13,Obstructed,Plateau,576
13,Obstructed,Decay,0
14,Obstructed,Ascent,589
14,Obstructed,Plateau,411
14,Obstructed,Decay,0
15,Obstructed,Ascent,414
15,Obstructed,Plateau,586
15,Obstructed,Decay,0
16,Obstructed,Ascent,874
16,Obstructed,Plateau,126
16,Obstructed,Decay,0
17,Obstructed,Ascent,714
17,Obstructed,Plateau,286
17,Obstructed,Decay,0
18,Obstructed,Ascent,569
18,Obstructed,Plateau,431
18,Obstructed,Decay,0
19,Obstructed,Ascent,669
19,Obstructed,Plateau,331
19,Obstructed,Decay,0
20,Obstructed,Ascent,704
20,Obstructed,Plateau,296
20,Obstructed,Decay,0
21,Obstructed,Ascent,564
21,Obstructed,Plateau,436
21,Obstructed,Decay,0
22,Obstructed,Ascent,514
22,Obstructed,Plateau,486
22,Obstructed,Decay,0
23,Obstructed,Ascent,629
23,Obstructed,Plateau,371
23,Obstructed,Decay,0
24,Obstructed,Ascent,699
24,Obstructed,Plateau,301
24,Obstructed,Decay,0
25,Obstructed,Ascent,294
25,Obstructed,Plateau,706
25,Obstructed,Decay,0
26,Obstructed,Ascent,799
26,Obstructed,Plateau,201
26,Obstructed,Decay,0
27,Obstructed,Ascent,644
27,Obstructed,Plateau,356
27,Obstructed,Decay,0
28,Obstructed,Ascent,669
28,Obstructed,Plateau,331
28,Obstructed,Decay,0
29,Obstructed,Ascent,1000
29,Obstructed,Plateau,0
29,Obstructed,Decay,0
30,Obstructed,Ascent,654
30,Obstructed,Plateau,346
30,Obstructed,Decay,0
31,Obstructed,Ascent,654
31,Obstructed,Plateau,346
31,Obstructed,Decay,0
32,Obstructed,Ascent,564
32,Obstructed,Plateau,430
32,Obstructed,Decay,6
33,Obstructed,Ascent,794
33,Obstructed,Plateau,206
33,Obstructed,Decay,0
34,Obstructed,Ascent,579
34,Obstructed,Plateau,421
34,Obstructed,Decay,0
35,Obstructed,Ascent,694
35,Obstructed,Plateau,306
35,Obstructed,Decay,0
36,Obstructed,Ascent,784
36,Obstructed,Plateau,216
36,Obstructed,Decay,0
37,Obstructed,Ascent,684
37,Obstructed,Plateau,316
37,Obstructed,Decay,0
38,Obstructed,Ascent,949
38,Obstructed,Plateau,51
38,Obstructed,Decay,0
39,Obstructed,Ascent,414
39,Obstructed,Plateau,586
39,Obstructed,Decay,0
40,Obstructed,Ascent,869
40,Obstructed,Plateau,131
40,Obstructed,Decay,0
41,Obstructed,Ascent,604
41,Obstructed,Plateau,275
41,Obstructed,Decay,121
42,Obstructed,Ascent,884
42,Obstructed,Plateau,116
42,Obstructed,Decay,0
43,Obstructed,Ascent,579
43,Obstructed,Plateau,421
43,Obstructed,Decay,0
44,Obstructed,Ascent,544
44,Obstructed,Plateau,456
44,Obstructed,Decay,0
45,Obstructed,Ascent,219
45,Obstructed,Plateau,781
45,Obstructed,Decay,0
46,Obstructed,Ascent,714
46,Obstructed,Plateau,286
46,Obstructed,Decay,0
47,Obstructed,Ascent,839
47,Obstructed,Plateau,161
47,Obstructed,Decay,0
48,Obstructed,Ascent,799
48,Obstructed,Plateau,201
48,Obstructed,Decay,0
49,Obstructed,Ascent,439
49,Obstructed,Plateau,561
49,Obstructed,Decay,0
50,Obstructed,Ascent,604
50,Obstructed,Plateau,396
50,Obstructed,Decay,0
