"Test","Replicate","Treatment","first_sig_gen","from","to","diff","z","p","p_bh","n_sig_pairs","n_tested_pairs","censuses_tested","untestable_censuses"
"divMigrate",1,"Isotropic",1999,"Pop05","Pop18",0.0735221208515283,5.51510202049709,3.48577692671124e-08,5.6881134920133e-06,196,300,1,0
"divMigrate",1,"Redistributed",1999,"Pop05","Pop18",0.0735221208515283,5.51510202049709,3.48577692671124e-08,5.6881134920133e-06,196,300,1,0
"divMigrate",1,"Obstructed",1999,"Pop05","Pop18",0.0735221208515283,5.51510202049709,3.48577692671124e-08,5.6881134920133e-06,196,300,1,0
"divMigrate",2,"Isotropic",1999,"Pop03","Pop04",0.616668875679608,3.92671775757505,8.61129306262017e-05,0.00949652998177827,159,300,1,0
"divMigrate",2,"Redistributed",1999,"Pop03","Pop04",0.616668875679608,3.92671775757505,8.61129306262017e-05,0.00949652998177827,159,300,1,0
"divMigrate",2,"Obstructed",1999,"Pop03","Pop04",0.616668875679608,3.92671775757505,8.61129306262017e-05,0.00949652998177827,159,300,1,0
"divMigrate",3,"Isotropic",1999,"Pop01","Pop23",0.00502106711242054,5.18752465977034,2.13107713291566e-07,3.72712327449373e-05,208,300,1,0
"divMigrate",3,"Redistributed",1999,"Pop01","Pop23",0.00502106711242054,5.18752465977034,2.13107713291566e-07,3.72712327449373e-05,208,300,1,0
"divMigrate",3,"Obstructed",1999,"Pop01","Pop23",0.00502106711242054,5.18752465977034,2.13107713291566e-07,3.72712327449373e-05,208,300,1,0
"divMigrate",4,"Isotropic",1999,"Pop05","Pop25",0.0297342388157269,4.9339834143337,8.05692844774865e-07,8.15759766244086e-05,203,300,1,0
"divMigrate",4,"Redistributed",1999,"Pop05","Pop25",0.0297342388157269,4.9339834143337,8.05692844774865e-07,8.15759766244086e-05,203,300,1,0
"divMigrate",4,"Obstructed",1999,"Pop05","Pop25",0.0297342388157269,4.9339834143337,8.05692844774865e-07,8.15759766244086e-05,203,300,1,0
"divMigrate",5,"Isotropic",1999,"Pop11","Pop14",0.0924194745799044,6.37483977021805,1.83154335633341e-10,5.49463006900023e-08,228,300,1,0
"divMigrate",5,"Redistributed",1999,"Pop11","Pop14",0.0924194745799044,6.37483977021805,1.83154335633341e-10,5.49463006900023e-08,228,300,1,0
"divMigrate",5,"Obstructed",1999,"Pop11","Pop14",0.0924194745799044,6.37483977021805,1.83154335633341e-10,5.49463006900023e-08,228,300,1,0
"divMigrate",6,"Isotropic",1999,"Pop11","Pop24",0.0255367463854269,4.7337946929045,2.20360631113595e-06,0.000122886993020424,207,300,1,0
"divMigrate",6,"Redistributed",1999,"Pop11","Pop24",0.0255367463854269,4.7337946929045,2.20360631113595e-06,0.000122886993020424,207,300,1,0
"divMigrate",6,"Obstructed",1999,"Pop11","Pop24",0.0255367463854269,4.7337946929045,2.20360631113595e-06,0.000122886993020424,207,300,1,0
"divMigrate",7,"Isotropic",1999,"Pop06","Pop21",0.00264287977743613,3.36000943486256,0.000779398107909111,0.0149681030259031,193,300,1,0
"divMigrate",7,"Redistributed",1999,"Pop06","Pop21",0.00264287977743613,3.36000943486256,0.000779398107909111,0.0149681030259031,193,300,1,0
"divMigrate",7,"Obstructed",1999,"Pop06","Pop21",0.00264287977743613,3.36000943486256,0.000779398107909111,0.0149681030259031,193,300,1,0
"divMigrate",8,"Isotropic",1999,"Pop18","Pop01",0.0389232212871425,5.60739023589637,2.0540019298444e-08,1.90259368897539e-06,219,300,1,0
"divMigrate",8,"Redistributed",1999,"Pop18","Pop01",0.0389232212871425,5.60739023589637,2.0540019298444e-08,1.90259368897539e-06,219,300,1,0
"divMigrate",8,"Obstructed",1999,"Pop18","Pop01",0.0389232212871425,5.60739023589637,2.0540019298444e-08,1.90259368897539e-06,219,300,1,0
"divMigrate",9,"Isotropic",1999,"Pop02","Pop18",0.00495053253158804,3.5291160883909,0.000416950184620601,0.0067062799441273,172,300,1,0
"divMigrate",9,"Redistributed",1999,"Pop02","Pop18",0.00495053253158804,3.5291160883909,0.000416950184620601,0.0067062799441273,172,300,1,0
"divMigrate",9,"Obstructed",1999,"Pop02","Pop18",0.00495053253158804,3.5291160883909,0.000416950184620601,0.0067062799441273,172,300,1,0
"divMigrate",10,"Isotropic",1999,"Pop04","Pop21",0.00667492116849188,4.7386873797079,2.15107062858807e-06,0.000108961016992032,227,300,1,0
"divMigrate",10,"Redistributed",1999,"Pop04","Pop21",0.00667492116849188,4.7386873797079,2.15107062858807e-06,0.000108961016992032,227,300,1,0
"divMigrate",10,"Obstructed",1999,"Pop04","Pop21",0.00667492116849188,4.7386873797079,2.15107062858807e-06,0.000108961016992032,227,300,1,0
"divMigrate",11,"Isotropic",1999,"Pop02","Pop25",0.00972468354698796,5.29305564859665,1.20289296374744e-07,2.21170533603502e-05,207,300,1,0
"divMigrate",11,"Redistributed",1999,"Pop02","Pop25",0.00972468354698796,5.29305564859665,1.20289296374744e-07,2.21170533603502e-05,207,300,1,0
"divMigrate",11,"Obstructed",1999,"Pop02","Pop25",0.00972468354698796,5.29305564859665,1.20289296374744e-07,2.21170533603502e-05,207,300,1,0
"divMigrate",12,"Isotropic",1999,"Pop16","Pop02",0.0201982278265643,4.93152212473193,8.15913243446026e-07,9.8414303617408e-05,194,300,1,0
"divMigrate",12,"Redistributed",1999,"Pop16","Pop02",0.0201982278265643,4.93152212473193,8.15913243446026e-07,9.8414303617408e-05,194,300,1,0
"divMigrate",12,"Obstructed",1999,"Pop16","Pop02",0.0201982278265643,4.93152212473193,8.15913243446026e-07,9.8414303617408e-05,194,300,1,0
"divMigrate",13,"Isotropic",1999,"Pop24","Pop05",0.00741752258854014,4.38623036713322,1.15331974339279e-05,0.000895469455080183,177,300,1,0
"divMigrate",13,"Redistributed",1999,"Pop24","Pop05",0.00741752258854014,4.38623036713322,1.15331974339279e-05,0.000895469455080183,177,300,1,0
"divMigrate",13,"Obstructed",1999,"Pop24","Pop05",0.00741752258854014,4.38623036713322,1.15331974339279e-05,0.000895469455080183,177,300,1,0
"divMigrate",14,"Isotropic",2004,"Pop22","Pop07",0.0184767061948728,4.4312646973022,9.36820044613583e-06,0.000481610887841769,172,300,2,0
"divMigrate",14,"Redistributed",2004,"Pop03","Pop10",0.037992035990773,4.6894335511188,2.73962379243821e-06,0.000322174447701768,213,300,2,0
"divMigrate",14,"Obstructed",2004,"Pop03","Pop10",0.0217946603433406,3.43272673189202,0.000597544028423937,0.0181580128657719,153,300,2,0
"divMigrate",15,"Isotropic",1999,"Pop23","Pop10",0.0174526934865342,3.83178790670938,0.000127215388375974,0.00496486368154373,222,300,1,0
"divMigrate",15,"Redistributed",1999,"Pop23","Pop10",0.0174526934865342,3.83178790670938,0.000127215388375974,0.00496486368154373,222,300,1,0
"divMigrate",15,"Obstructed",1999,"Pop23","Pop10",0.0174526934865342,3.83178790670938,0.000127215388375974,0.00496486368154373,222,300,1,0
"divMigrate",16,"Isotropic",1999,"Pop25","Pop12",0.00759219918460732,5.25120259216152,1.51109365234188e-07,1.09673190956617e-05,217,300,1,0
"divMigrate",16,"Redistributed",1999,"Pop25","Pop12",0.00759219918460732,5.25120259216152,1.51109365234188e-07,1.09673190956617e-05,217,300,1,0
"divMigrate",16,"Obstructed",1999,"Pop25","Pop12",0.00759219918460732,5.25120259216152,1.51109365234188e-07,1.09673190956617e-05,217,300,1,0
"divMigrate",17,"Isotropic",1999,"Pop25","Pop23",0.708618662121897,4.69435920188975,2.67443738014993e-06,0.000802331214044979,205,300,1,0
"divMigrate",17,"Redistributed",1999,"Pop25","Pop23",0.708618662121897,4.69435920188975,2.67443738014993e-06,0.000802331214044979,205,300,1,0
"divMigrate",17,"Obstructed",1999,"Pop25","Pop23",0.708618662121897,4.69435920188975,2.67443738014993e-06,0.000802331214044979,205,300,1,0
"divMigrate",18,"Isotropic",1999,"Pop03","Pop12",0.0490388358122927,4.90821481438401,9.19091543021349e-07,4.58578231236897e-05,218,300,1,0
"divMigrate",18,"Redistributed",1999,"Pop03","Pop12",0.0490388358122927,4.90821481438401,9.19091543021349e-07,4.58578231236897e-05,218,300,1,0
"divMigrate",18,"Obstructed",1999,"Pop03","Pop12",0.0490388358122927,4.90821481438401,9.19091543021349e-07,4.58578231236897e-05,218,300,1,0
"divMigrate",19,"Isotropic",1999,"Pop04","Pop20",0.0242771082853843,5.3075104422757,1.11132640972989e-07,2.03889847138299e-05,205,300,1,0
"divMigrate",19,"Redistributed",1999,"Pop04","Pop20",0.0242771082853843,5.3075104422757,1.11132640972989e-07,2.03889847138299e-05,205,300,1,0
"divMigrate",19,"Obstructed",1999,"Pop04","Pop20",0.0242771082853843,5.3075104422757,1.11132640972989e-07,2.03889847138299e-05,205,300,1,0
"divMigrate",20,"Isotropic",1999,"Pop05","Pop24",0.0230880738840771,5.94070166949226,2.83804681779894e-09,5.05208550716329e-07,199,300,1,0
"divMigrate",20,"Redistributed",1999,"Pop05","Pop24",0.0230880738840771,5.94070166949226,2.83804681779894e-09,5.05208550716329e-07,199,300,1,0
"divMigrate",20,"Obstructed",1999,"Pop05","Pop24",0.0230880738840771,5.94070166949226,2.83804681779894e-09,5.05208550716329e-07,199,300,1,0
"divMigrate",21,"Isotropic",1999,"Pop05","Pop06",0.755522964261344,6.24350158121868,4.2788198242771e-10,1.28364594728313e-07,211,300,1,0
"divMigrate",21,"Redistributed",1999,"Pop05","Pop06",0.755522964261344,6.24350158121868,4.2788198242771e-10,1.28364594728313e-07,211,300,1,0
"divMigrate",21,"Obstructed",1999,"Pop05","Pop06",0.755522964261344,6.24350158121868,4.2788198242771e-10,1.28364594728313e-07,211,300,1,0
"divMigrate",22,"Isotropic",1999,"Pop24","Pop09",0.0225673968901544,5.79065977976414,7.01104657019351e-09,1.66156242401374e-06,214,300,1,0
"divMigrate",22,"Redistributed",1999,"Pop24","Pop09",0.0225673968901544,5.79065977976414,7.01104657019351e-09,1.66156242401374e-06,214,300,1,0
"divMigrate",22,"Obstructed",1999,"Pop24","Pop09",0.0225673968901544,5.79065977976414,7.01104657019351e-09,1.66156242401374e-06,214,300,1,0
"divMigrate",23,"Isotropic",1999,"Pop02","Pop22",0.0233577483657018,4.30926509992977,1.63797930781058e-05,0.000631955488456042,202,300,1,0
"divMigrate",23,"Redistributed",1999,"Pop02","Pop22",0.0233577483657018,4.30926509992977,1.63797930781058e-05,0.000631955488456042,202,300,1,0
"divMigrate",23,"Obstructed",1999,"Pop02","Pop22",0.0233577483657018,4.30926509992977,1.63797930781058e-05,0.000631955488456042,202,300,1,0
"divMigrate",24,"Isotropic",1999,"Pop06","Pop14",0.023709884287343,5.38114003358483,7.40155875894809e-08,1.14463097088516e-05,208,300,1,0
"divMigrate",24,"Redistributed",1999,"Pop06","Pop14",0.023709884287343,5.38114003358483,7.40155875894809e-08,1.14463097088516e-05,208,300,1,0
"divMigrate",24,"Obstructed",1999,"Pop06","Pop14",0.023709884287343,5.38114003358483,7.40155875894809e-08,1.14463097088516e-05,208,300,1,0
"divMigrate",25,"Isotropic",1999,"Pop23","Pop06",0.006983157261012,3.24877805133125,0.00115901872823021,0.017775790873551,172,300,1,0
"divMigrate",25,"Redistributed",1999,"Pop23","Pop06",0.006983157261012,3.24877805133125,0.00115901872823021,0.017775790873551,172,300,1,0
"divMigrate",25,"Obstructed",1999,"Pop23","Pop06",0.006983157261012,3.24877805133125,0.00115901872823021,0.017775790873551,172,300,1,0
"divMigrate",26,"Isotropic",1999,"Pop17","Pop02",0.00922439119461303,4.77805878480324,1.76995640878482e-06,0.000220515755175259,143,300,1,0
"divMigrate",26,"Redistributed",1999,"Pop17","Pop02",0.00922439119461303,4.77805878480324,1.76995640878482e-06,0.000220515755175259,143,300,1,0
"divMigrate",26,"Obstructed",1999,"Pop17","Pop02",0.00922439119461303,4.77805878480324,1.76995640878482e-06,0.000220515755175259,143,300,1,0
"divMigrate",27,"Isotropic",1999,"Pop24","Pop08",0.014811479346721,4.7327059906689,2.21546282299615e-06,9.11332293727851e-05,224,300,1,0
"divMigrate",27,"Redistributed",1999,"Pop24","Pop08",0.014811479346721,4.7327059906689,2.21546282299615e-06,9.11332293727851e-05,224,300,1,0
"divMigrate",27,"Obstructed",1999,"Pop24","Pop08",0.014811479346721,4.7327059906689,2.21546282299615e-06,9.11332293727851e-05,224,300,1,0
"divMigrate",28,"Isotropic",1999,"Pop19","Pop14",0.0352211531242093,4.08064382460117,4.49111296227426e-05,0.00175694701763503,197,300,1,0
"divMigrate",28,"Redistributed",1999,"Pop19","Pop14",0.0352211531242093,4.08064382460117,4.49111296227426e-05,0.00175694701763503,197,300,1,0
"divMigrate",28,"Obstructed",1999,"Pop19","Pop14",0.0352211531242093,4.08064382460117,4.49111296227426e-05,0.00175694701763503,197,300,1,0
"divMigrate",29,"Isotropic",1999,"Pop01","Pop25",0.0102634647421442,3.531641462235,0.000412988897777738,0.0117810883062196,200,300,1,0
"divMigrate",29,"Redistributed",1999,"Pop01","Pop25",0.0102634647421442,3.531641462235,0.000412988897777738,0.0117810883062196,200,300,1,0
"divMigrate",29,"Obstructed",1999,"Pop01","Pop25",0.0102634647421442,3.531641462235,0.000412988897777738,0.0117810883062196,200,300,1,0
"divMigrate",30,"Isotropic",1999,"Pop03","Pop20",0.0215426187425679,4.70157060403012,2.58167963984558e-06,0.000167142627187777,185,300,1,0
"divMigrate",30,"Redistributed",1999,"Pop03","Pop20",0.0215426187425679,4.70157060403012,2.58167963984558e-06,0.000167142627187777,185,300,1,0
"divMigrate",30,"Obstructed",1999,"Pop03","Pop20",0.0215426187425679,4.70157060403012,2.58167963984558e-06,0.000167142627187777,185,300,1,0
"divMigrate",31,"Isotropic",1999,"Pop16","Pop05",0.00647851119481469,3.17099472316101,0.00151917902771344,0.0212743962373687,185,300,1,0
"divMigrate",31,"Redistributed",1999,"Pop16","Pop05",0.00647851119481469,3.17099472316101,0.00151917902771344,0.0212743962373687,185,300,1,0
"divMigrate",31,"Obstructed",1999,"Pop16","Pop05",0.00647851119481469,3.17099472316101,0.00151917902771344,0.0212743962373687,185,300,1,0
"divMigrate",32,"Isotropic",1999,"Pop22","Pop21",0.447635724093128,4.49011046705395,7.11862456554564e-06,0.00084714419696016,228,300,1,0
"divMigrate",32,"Redistributed",1999,"Pop22","Pop21",0.447635724093128,4.49011046705395,7.11862456554564e-06,0.00084714419696016,228,300,1,0
"divMigrate",32,"Obstructed",1999,"Pop22","Pop21",0.447635724093128,4.49011046705395,7.11862456554564e-06,0.00084714419696016,228,300,1,0
"divMigrate",33,"Isotropic",1999,"Pop04","Pop19",0.118372331198751,4.10340770455787,4.07108903957292e-05,0.00132861560047977,209,300,1,0
"divMigrate",33,"Redistributed",1999,"Pop04","Pop19",0.118372331198751,4.10340770455787,4.07108903957292e-05,0.00132861560047977,209,300,1,0
"divMigrate",33,"Obstructed",1999,"Pop04","Pop19",0.118372331198751,4.10340770455787,4.07108903957292e-05,0.00132861560047977,209,300,1,0
"divMigrate",34,"Isotropic",1999,"Pop21","Pop05",0.0174942284953115,5.10058117759291,3.38612109912113e-07,4.84070693323102e-05,203,300,1,0
"divMigrate",34,"Redistributed",1999,"Pop21","Pop05",0.0174942284953115,5.10058117759291,3.38612109912113e-07,4.84070693323102e-05,203,300,1,0
"divMigrate",34,"Obstructed",1999,"Pop21","Pop05",0.0174942284953115,5.10058117759291,3.38612109912113e-07,4.84070693323102e-05,203,300,1,0
"divMigrate",35,"Isotropic",1999,"Pop24","Pop23",0.908753110513111,4.72171674445594,2.3386223071851e-06,0.000701586692155531,178,300,1,0
"divMigrate",35,"Redistributed",1999,"Pop24","Pop23",0.908753110513111,4.72171674445594,2.3386223071851e-06,0.000701586692155531,178,300,1,0
"divMigrate",35,"Obstructed",1999,"Pop24","Pop23",0.908753110513111,4.72171674445594,2.3386223071851e-06,0.000701586692155531,178,300,1,0
"divMigrate",36,"Isotropic",1999,"Pop19","Pop06",0.0826959987263005,6.35939590209047,2.02548741570167e-10,3.10976609594208e-08,221,300,1,0
"divMigrate",36,"Redistributed",1999,"Pop19","Pop06",0.0826959987263005,6.35939590209047,2.02548741570167e-10,3.10976609594208e-08,221,300,1,0
"divMigrate",36,"Obstructed",1999,"Pop19","Pop06",0.0826959987263005,6.35939590209047,2.02548741570167e-10,3.10976609594208e-08,221,300,1,0
"divMigrate",37,"Isotropic",1999,"Pop06","Pop07",0.505869010386268,3.79718021877979,0.000146351391169169,0.00457472928628426,227,300,1,0
"divMigrate",37,"Redistributed",1999,"Pop06","Pop07",0.505869010386268,3.79718021877979,0.000146351391169169,0.00457472928628426,227,300,1,0
"divMigrate",37,"Obstructed",1999,"Pop06","Pop07",0.505869010386268,3.79718021877979,0.000146351391169169,0.00457472928628426,227,300,1,0
"divMigrate",38,"Isotropic",1999,"Pop01","Pop15",0.0366525450433014,4.81763045997519,1.45273104728406e-06,0.000104699401729671,205,300,1,0
"divMigrate",38,"Redistributed",1999,"Pop01","Pop15",0.0366525450433014,4.81763045997519,1.45273104728406e-06,0.000104699401729671,205,300,1,0
"divMigrate",38,"Obstructed",1999,"Pop01","Pop15",0.0366525450433014,4.81763045997519,1.45273104728406e-06,0.000104699401729671,205,300,1,0
"divMigrate",39,"Isotropic",1999,"Pop04","Pop19",0.0140081678820126,4.03822936605274,5.38561804087668e-05,0.00407393735989957,194,300,1,0
"divMigrate",39,"Redistributed",1999,"Pop04","Pop19",0.0140081678820126,4.03822936605274,5.38561804087668e-05,0.00407393735989957,194,300,1,0
"divMigrate",39,"Obstructed",1999,"Pop04","Pop19",0.0140081678820126,4.03822936605274,5.38561804087668e-05,0.00407393735989957,194,300,1,0
"divMigrate",40,"Isotropic",1999,"Pop02","Pop17",0.0068189656927786,5.92081193517027,3.20356035732029e-09,4.16506110507035e-07,213,300,1,0
"divMigrate",40,"Redistributed",1999,"Pop02","Pop17",0.0068189656927786,5.92081193517027,3.20356035732029e-09,4.16506110507035e-07,213,300,1,0
"divMigrate",40,"Obstructed",1999,"Pop02","Pop17",0.0068189656927786,5.92081193517027,3.20356035732029e-09,4.16506110507035e-07,213,300,1,0
"divMigrate",41,"Isotropic",1999,"Pop01","Pop11",0.0226743934311888,3.20845517293301,0.00133450110737391,0.0496459521012857,135,300,1,0
"divMigrate",41,"Redistributed",1999,"Pop01","Pop11",0.0226743934311888,3.20845517293301,0.00133450110737391,0.0496459521012857,135,300,1,0
"divMigrate",41,"Obstructed",1999,"Pop01","Pop11",0.0226743934311888,3.20845517293301,0.00133450110737391,0.0496459521012857,135,300,1,0
"divMigrate",42,"Isotropic",1999,"Pop05","Pop16",0.0426156966031436,5.71078545487261,1.12455941147436e-08,3.37367823442309e-06,199,300,1,0
"divMigrate",42,"Redistributed",1999,"Pop05","Pop16",0.0426156966031436,5.71078545487261,1.12455941147436e-08,3.37367823442309e-06,199,300,1,0
"divMigrate",42,"Obstructed",1999,"Pop05","Pop16",0.0426156966031436,5.71078545487261,1.12455941147436e-08,3.37367823442309e-06,199,300,1,0
"divMigrate",43,"Isotropic",1999,"Pop24","Pop15",0.0469534840265595,4.08069860339555,4.49005457827908e-05,0.00243647137182829,193,300,1,0
"divMigrate",43,"Redistributed",1999,"Pop24","Pop15",0.0469534840265595,4.08069860339555,4.49005457827908e-05,0.00243647137182829,193,300,1,0
"divMigrate",43,"Obstructed",1999,"Pop24","Pop15",0.0469534840265595,4.08069860339555,4.49005457827908e-05,0.00243647137182829,193,300,1,0
"divMigrate",44,"Isotropic",1999,"Pop04","Pop18",0.0177507465424545,5.14126652129577,2.72892618949286e-07,2.04819535475682e-05,226,300,1,0
"divMigrate",44,"Redistributed",1999,"Pop04","Pop18",0.0177507465424545,5.14126652129577,2.72892618949286e-07,2.04819535475682e-05,226,300,1,0
"divMigrate",44,"Obstructed",1999,"Pop04","Pop18",0.0177507465424545,5.14126652129577,2.72892618949286e-07,2.04819535475682e-05,226,300,1,0
"divMigrate",45,"Isotropic",1999,"Pop04","Pop17",0.0275465877542594,3.24936418727315,0.00115663294144132,0.0126739596518575,206,300,1,0
"divMigrate",45,"Redistributed",1999,"Pop04","Pop17",0.0275465877542594,3.24936418727315,0.00115663294144132,0.0126739596518575,206,300,1,0
"divMigrate",45,"Obstructed",1999,"Pop04","Pop17",0.0275465877542594,3.24936418727315,0.00115663294144132,0.0126739596518575,206,300,1,0
"divMigrate",46,"Isotropic",1999,"Pop21","Pop02",0.0065657860703316,4.38449525435656,1.16255017049424e-05,0.000594027782756557,241,300,1,0
"divMigrate",46,"Redistributed",1999,"Pop21","Pop02",0.0065657860703316,4.38449525435656,1.16255017049424e-05,0.000594027782756557,241,300,1,0
"divMigrate",46,"Obstructed",1999,"Pop21","Pop02",0.0065657860703316,4.38449525435656,1.16255017049424e-05,0.000594027782756557,241,300,1,0
"divMigrate",47,"Isotropic",1999,"Pop19","Pop12",0.0205110095776366,3.16064870511321,0.00157418228016664,0.0149895556962779,204,300,1,0
"divMigrate",47,"Redistributed",1999,"Pop19","Pop12",0.0205110095776366,3.16064870511321,0.00157418228016664,0.0149895556962779,204,300,1,0
"divMigrate",47,"Obstructed",1999,"Pop19","Pop12",0.0205110095776366,3.16064870511321,0.00157418228016664,0.0149895556962779,204,300,1,0
"divMigrate",48,"Isotropic",1999,"Pop05","Pop20",0.0489546752249513,5.13213531846944,2.86473413869183e-07,3.81787236863352e-05,179,300,1,0
"divMigrate",48,"Redistributed",1999,"Pop05","Pop20",0.0489546752249513,5.13213531846944,2.86473413869183e-07,3.81787236863352e-05,179,300,1,0
"divMigrate",48,"Obstructed",1999,"Pop05","Pop20",0.0489546752249513,5.13213531846944,2.86473413869183e-07,3.81787236863352e-05,179,300,1,0
"divMigrate",49,"Isotropic",1999,"Pop22","Pop07",0.00610745907228792,4.59764045915838,4.27302552081078e-06,0.000291779032247251,207,300,1,0
"divMigrate",49,"Redistributed",1999,"Pop22","Pop07",0.00610745907228792,4.59764045915838,4.27302552081078e-06,0.000291779032247251,207,300,1,0
"divMigrate",49,"Obstructed",1999,"Pop22","Pop07",0.00610745907228792,4.59764045915838,4.27302552081078e-06,0.000291779032247251,207,300,1,0
"divMigrate",50,"Isotropic",1999,"Pop24","Pop16",0.0813292274551236,4.98417523409576,6.22266665907495e-07,4.31456131863902e-05,226,300,1,0
"divMigrate",50,"Redistributed",1999,"Pop24","Pop16",0.0813292274551236,4.98417523409576,6.22266665907495e-07,4.31456131863902e-05,226,300,1,0
"divMigrate",50,"Obstructed",1999,"Pop24","Pop16",0.0813292274551236,4.98417523409576,6.22266665907495e-07,4.31456131863902e-05,226,300,1,0
